antecedents,consequents,antecedent support,consequent support,support,confidence,lift,representativity,leverage,conviction,zhangs_metric,jaccard,certainty,kulczynski
"mineral water, whole wheat pasta",olive oil,0.009598720170643914,0.0658578856152513,0.0038661511798426876,0.4027777777777778,6.115862573099416,1.0,0.003233999764791615,1.5641449357139978,0.8445978249265459,0.05400372439478584,0.36067305710162856,0.23074111560953667
tomato sauce,"ground beef, spaghetti",0.014131449140114652,0.03919477403012932,0.0030662578322890282,0.2169811320754717,5.535970992170453,1.0,0.0025123788765239693,1.2270524572627266,0.8311079754240527,0.06100795755968169,0.1850389165669645,0.14760621229623927
fromage blanc,honey,0.013598186908412212,0.047460338621517134,0.003332888948140248,0.2450980392156863,5.164270764485569,1.0,0.0026875143928283235,1.2618057852026656,0.8174780375726449,0.057736720554272515,0.20748500939914105,0.15766137915840495
"spaghetti, tomato sauce",ground beef,0.006265831222503666,0.09825356619117451,0.0030662578322890282,0.4893617021276596,4.980599901844742,1.0,0.0024506175695260366,1.7659200995422832,0.8042603329405864,0.030223390275952697,0.4337229638763416,0.26028465024971853
light cream,chicken,0.01559792027729636,0.05999200106652446,0.004532728969470737,0.29059829059829057,4.84395061728395,1.0,0.00359697851955961,1.3250715165688751,0.8061309030654514,0.06378986866791744,0.2453237523440331,0.18307692307692305
pasta,escalope,0.01573123583522197,0.0793227569657379,0.005865884548726837,0.3728813559322034,4.700811850163794,1.0,0.004618039551798818,1.4681069551086883,0.7998534717348208,0.06576980568011959,0.31885071689074107,0.2234154678820681
"french fries, herb & pepper",ground beef,0.006932409012131715,0.09825356619117451,0.003199573390214638,0.46153846153846156,4.697421981004071,1.0,0.00251843948247686,1.6746719485021044,0.7926119837114602,0.03137254901960784,0.4028681253696038,0.2470514560066799
"cereals, spaghetti",ground beef,0.006665777896280496,0.09825356619117451,0.0030662578322890282,0.45999999999999996,4.681763907734057,1.0,0.0024113213825411647,1.6699008033496767,0.7916824704008216,0.03010471204188482,0.40116203429923114,0.24560379918588873
"french fries, ground beef",herb & pepper,0.01386481802426343,0.04946007199040128,0.003199573390214638,0.23076923076923078,4.665768194070081,1.0,0.0025138184926007555,1.2357019064124786,0.7967193907439952,0.05321507760532151,0.19074333800841514,0.14772962886170435
pasta,shrimp,0.01573123583522197,0.07145713904812692,0.005065991201173177,0.3220338983050847,4.506672147735896,1.0,0.003941882094696843,1.369600719904013,0.7905429970700827,0.06168831168831169,0.26986019686811774,0.1964647103465722
"chocolate, herb & pepper",ground beef,0.009065457938941474,0.09825356619117451,0.003999466737768298,0.4411764705882354,4.4901827759597746,1.0,0.0031087531661112035,1.6136515131315827,0.7844028880218845,0.03870967741935484,0.38028750826173174,0.24094101684092908
"cake, frozen vegetables",tomatoes,0.010265297960271964,0.06839088121583789,0.0030662578322890282,0.2987012987012987,4.367560314928736,1.0,0.0023642050588428853,1.3284055953033422,0.7790362631184408,0.040564373897707236,0.24721786513429328,0.1717678033467507
"milk, tomatoes",soup,0.013998133582189041,0.05052659645380616,0.0030662578322890282,0.21904761904761905,4.335293378565146,1.0,0.0023589797856752906,1.2157891142969555,0.7802572483363511,0.049891540130151846,0.17748893435498322,0.13986681743937682
"eggs, ground beef",herb & pepper,0.019997333688841486,0.04946007199040128,0.0041327822956939075,0.2066666666666667,4.178454627133872,1.0,0.0031437127318277307,1.198159573121343,0.7761989810471255,0.06326530612244897,0.16538662926601216,0.14511230907457323
"milk, olive oil",soup,0.017064391414478068,0.05052659645380616,0.0035995200639914677,0.2109375,4.174781497361478,1.0,0.00273731444526234,1.2032930262763644,0.7736686910700202,0.05625,0.16894723216793037,0.14108880277044855
whole wheat pasta,olive oil,0.029462738301559793,0.0658578856152513,0.007998933475536596,0.2714932126696833,4.122410097642296,1.0,0.0060585798265603875,1.2822696104287545,0.7804166666666666,0.09160305343511452,0.22013280836810253,0.19647535127411292
"herb & pepper, spaghetti",ground beef,0.01626449806692441,0.09825356619117451,0.006399146780429276,0.3934426229508197,4.004359721511667,1.0,0.004801101843044489,1.486663039522658,0.7626767402990469,0.059186189889025895,0.3273526189760643,0.2292857619503081
"herb & pepper, milk",ground beef,0.009198773496867084,0.09825356619117451,0.0035995200639914677,0.3913043478260869,3.9825968969382335,1.0,0.002695707763339416,1.4814405698287847,0.7558605429972491,0.03465982028241335,0.3249813591134651,0.21396967730517372
"herb & pepper, mineral water",ground beef,0.017064391414478068,0.09825356619117451,0.006665777896280496,0.39062500000000006,3.975682666214383,1.0,0.004989140584925966,1.4797890195837136,0.7614648040146481,0.06134969325153374,0.32422799009461867,0.22923380257801904
"cereals, ground beef",spaghetti,0.004532728969470737,0.17411011865084655,0.0030662578322890282,0.6764705882352942,3.8853031258445188,1.0,0.0022770638536023487,2.552750542351929,0.7460012460623846,0.017463933181473046,0.6082656791530172,0.3470408071344924
"chicken, olive oil",milk,0.007199040127982935,0.12958272230369283,0.0035995200639914677,0.5,3.858539094650206,1.0,0.0026666488462339134,1.7408345553926143,0.7462065261178997,0.027027027027027025,0.42556287333435444,0.2638888888888889
"frozen vegetables, soup",milk,0.007998933475536596,0.12958272230369283,0.003999466737768298,0.5,3.858539094650206,1.0,0.0029629431624821267,1.7408345553926143,0.7468082247009811,0.029940119760479045,0.42556287333435444,0.2654320987654321
tomato sauce,ground beef,0.014131449140114652,0.09825356619117451,0.005332622317024397,0.3773584905660377,3.840659481324083,1.0,0.003944157043558926,1.4482594239959923,0.7502298850574712,0.04981320049813201,0.30951597246242596,0.21581628734543407
"cake, tomatoes",frozen vegetables,0.008398880149313425,0.09532062391681109,0.0030662578322890282,0.36507936507936506,3.8300144300144296,1.0,0.002265671336253953,1.4248700173310227,0.7451629119562294,0.0304635761589404,0.2981815970321717,0.19862359862359863
mushroom cream sauce,escalope,0.019064124783362217,0.0793227569657379,0.005732568990801226,0.3006993006993007,3.790832696715049,1.0,0.004220350053846084,1.3165684575389947,0.7505136001314816,0.061870503597122296,0.24044967485454016,0.18648410413116295
"shrimp, tomatoes",frozen vegetables,0.011198506865751233,0.09532062391681109,0.003999466737768298,0.35714285714285715,3.7467532467532467,1.0,0.0029320180763881976,1.4072790294627384,0.7414048806795199,0.03901170351105332,0.28940886699507384,0.19955044955044957
"chicken, milk",olive oil,0.014798026929742702,0.0658578856152513,0.0035995200639914677,0.24324324324324323,3.693456614509246,1.0,0.0026249532991210645,1.2344020797227035,0.7402044805292437,0.04671280276816609,0.1898911898911899,0.14894955684429367
"milk, soup",olive oil,0.015197973603519531,0.0658578856152513,0.0035995200639914677,0.23684210526315788,3.5962603878116344,1.0,0.0025986136568272697,1.2240482878144983,0.7330746205796971,0.04647160068846816,0.18303876574553266,0.145748987854251
"milk, olive oil",chicken,0.017064391414478068,0.05999200106652446,0.0035995200639914677,0.2109375,3.51609375,1.0,0.0025757930760545084,1.1912972659750978,0.7280166372801663,0.049001814882032674,0.1605789515671536,0.13546875
"olive oil, tomatoes",spaghetti,0.007199040127982935,0.17411011865084655,0.004399413411545127,0.6111111111111112,3.5099115194827295,1.0,0.003145987680689813,2.1237168377549662,0.7202778422061354,0.02486812358703843,0.529127432517263,0.3181895524927684
"frozen vegetables, shrimp",tomatoes,0.01666444474070124,0.06839088121583789,0.003999466737768298,0.24000000000000002,3.5092397660818717,1.0,0.002859770676979105,1.2258014720844237,0.7271556399132321,0.0493421052631579,0.18420721236405269,0.14923976608187137
"spaghetti, whole wheat pasta",milk,0.008798826823090255,0.12958272230369283,0.003999466737768298,0.4545454545454546,3.5077628133183696,1.0,0.0028592908049535097,1.5957650091098965,0.7212642905178213,0.02976190476190477,0.3733413163647503,0.2427048260381594
"frozen vegetables, spaghetti",tomatoes,0.027862951606452472,0.06839088121583789,0.006665777896280496,0.23923444976076558,3.4980460188216425,1.0,0.004760206082640966,1.2245679611691187,0.7345940756993965,0.0744047619047619,0.18338546188544685,0.16835016835016836
"frozen vegetables, tomatoes",shrimp,0.0161311825089988,0.07145713904812692,0.003999466737768298,0.2479338842975207,3.4696866905143704,1.0,0.002846778586212058,1.2346558920349082,0.7234598012646793,0.04784688995215312,0.19005772664977785,0.15195201677562603
"pepper, spaghetti",ground beef,0.009865351286495135,0.09825356619117451,0.003332888948140248,0.33783783783783783,3.4384282518610876,1.0,0.00236358300251341,1.361821144935777,0.7162353574794668,0.03180661577608143,0.26568918119775603,0.18587957020792842
light cream,"mineral water, spaghetti",0.01559792027729636,0.05972536995067324,0.003199573390214638,0.20512820512820515,3.4345238095238098,1.0,0.0022679818311920055,1.1829261474814112,0.7200704225352114,0.04436229205175601,0.15463868802873484,0.12934981684981686
"mineral water, soup",olive oil,0.023063591521130515,0.0658578856152513,0.005199306759098787,0.22543352601156072,3.4230301186492245,1.0,0.003680387386823294,1.2060192969295638,0.7245724163027657,0.06210191082802548,0.17082587107360026,0.15219044721630667
"soup, tomatoes",milk,0.006932409012131715,0.12958272230369283,0.0030662578322890282,0.44230769230769235,3.4133230452674903,1.0,0.0021679374003743465,1.5607482220761368,0.7119660065255331,0.02297702297702298,0.35928166641139536,0.23298512187401077
"ground beef, milk",olive oil,0.021997067057725635,0.0658578856152513,0.004932675643247567,0.22424242424242427,3.40494417862839,1.0,0.0034839953170888597,1.20416756932409,0.7221956143711868,0.0594855305466238,0.16955079552482152,0.14957060483376275
"frozen vegetables, green tea",tomatoes,0.01439808025596587,0.06839088121583789,0.003332888948140248,0.2314814814814815,3.38468341635983,1.0,0.0023481915516183854,1.212214275044452,0.7148437711348573,0.041946308724832224,0.17506333608938077,0.14010721247563354
"eggs, herb & pepper",ground beef,0.012531662445007332,0.09825356619117451,0.0041327822956939075,0.3297872340425532,3.3564912381997174,1.0,0.002901501770167924,1.3454629329845966,0.7109795877482941,0.03875,0.2567613900876984,0.18592482461964838
"spaghetti, tomatoes",frozen vegetables,0.020930542594320756,0.09532062391681109,0.006665777896280496,0.3184713375796179,3.341053850607991,1.0,0.0046706655172724515,1.327426748084679,0.7156726579520697,0.06082725060827251,0.24666276203724044,0.1942007037548439
"ground beef, tomato sauce",spaghetti,0.005332622317024397,0.17411011865084655,0.0030662578322890282,0.5750000000000001,3.3025076569678413,1.0,0.0021377943279517584,1.943270309056832,0.7009376292955252,0.01738473167044596,0.4854035512510089,0.2963055130168454
herb & pepper,ground beef,0.04946007199040128,0.09825356619117451,0.015997866951073192,0.3234501347708895,3.2919938411349285,1.0,0.011138238493944044,1.3328602667054752,0.7324602618045816,0.12145748987854252,0.24973380557605593,0.24313619357269034
"grated cheese, spaghetti",ground beef,0.01653112918277563,0.09825356619117451,0.005332622317024397,0.3225806451612903,3.283144395325426,1.0,0.003708379921649695,1.3311494975273137,0.707103158465501,0.048721071863581,0.24876957707788863,0.18842736464306037
"cooking oil, ground beef",spaghetti,0.008398880149313425,0.17411011865084655,0.004799360085321957,0.5714285714285714,3.2819951870487856,1.0,0.0033370300659907566,1.9270763898146912,0.7011965582145737,0.02700675168792198,0.4810792113455551,0.29949682782760884
"frozen vegetables, olive oil",milk,0.011331822423676844,0.12958272230369283,0.004799360085321957,0.4235294117647058,3.2684095860566447,1.0,0.003330951686999881,1.5099075225344103,0.7019956850053937,0.03525954946131244,0.3377077833737262,0.23028322440087143
"chocolate, frozen vegetables",shrimp,0.022930275963204905,0.07145713904812692,0.005332622317024397,0.23255813953488375,3.2545123221103784,1.0,0.0036940903991097415,1.2099194854827438,0.7089916768999864,0.059880239520958084,0.17349872285013107,0.15359250260326276
"milk, turkey",burgers,0.011331822423676844,0.0871883748833489,0.003199573390214638,0.2823529411764706,3.2384241770102533,1.0,0.002211570208627562,1.2719506251625468,0.6991302588996764,0.033566433566433566,0.21380596053230694,0.1595250944414463
"avocado, spaghetti",milk,0.007998933475536596,0.12958272230369283,0.003332888948140248,0.41666666666666663,3.215449245541838,1.0,0.002296365372854077,1.4921439046222407,0.6945571831743045,0.024826216484607748,0.32982335222341347,0.22119341563786007
"cake, milk",burgers,0.013331555792560993,0.0871883748833489,0.0037328356219170776,0.27999999999999997,3.211437308868501,1.0,0.0025704789376969884,1.2677939237731266,0.6979172698670063,0.03856749311294765,0.21122827515700301,0.16140672782874615
"mineral water, shrimp",frozen vegetables,0.023596853752832957,0.09532062391681109,0.007199040127982935,0.30508474576271183,3.200616332819722,1.0,0.004949773305789152,1.301855687534345,0.7041765277019235,0.06443914081145584,0.2318657055652964,0.19030461064359366
"spaghetti, tomatoes",olive oil,0.020930542594320756,0.0658578856152513,0.004399413411545127,0.21019108280254778,3.19158565202816,1.0,0.003020972131503206,1.182744451277464,0.7013558790519576,0.05339805825242718,0.1545088214787942,0.1384963511178731
"spaghetti, whole wheat rice",tomatoes,0.014131449140114652,0.06839088121583789,0.0030662578322890282,0.2169811320754717,3.1726617382029496,1.0,0.002099795572739793,1.1897658625436287,0.6946232765969956,0.038590604026845644,0.15949849337408606,0.13090772003383722
"ground beef, soup",milk,0.009732035728569524,0.12958272230369283,0.003999466737768298,0.4109589041095891,3.1714019956029094,1.0,0.002738363054503456,1.4776851458565217,0.6914108777598277,0.029556650246305428,0.3232658507774587,0.22091155082022665
"frozen vegetables, spaghetti",ground beef,0.027862951606452472,0.09825356619117451,0.008665511265164644,0.31100478468899523,3.165328208890303,1.0,0.005927876905218574,1.308784754625309,0.703683699734166,0.07377979568671963,0.23593242015850877,0.1996000856959223
"chicken, ground beef",milk,0.009465404612718305,0.12958272230369283,0.0038661511798426876,0.40845070422535207,3.152046020981858,1.0,0.0026395982824207183,1.4714196837247095,0.6892699679769805,0.028599605522682446,0.32038424450825026,0.21914304758592706
"frozen vegetables, spaghetti",olive oil,0.027862951606452472,0.0658578856152513,0.005732568990801226,0.20574162679425836,3.1240241752707125,1.0,0.003897573911000197,1.1761186861832076,0.6993870313436834,0.06515151515151515,0.14974567469441016,0.14639308060360692
light cream,olive oil,0.01559792027729636,0.0658578856152513,0.003199573390214638,0.20512820512820515,3.1147098515519573,1.0,0.002172327340756646,1.1752110471292,0.6897007042253522,0.04088586030664395,0.14908900623186339,0.12685560053981107
"olive oil, soup",milk,0.008932142381015865,0.12958272230369283,0.0035995200639914677,0.4029850746268656,3.1098673300165833,1.0,0.002442068738255243,1.4579489401413144,0.684557438794727,0.026679841897233204,0.31410492338430374,0.2153814262023217
"chocolate, shrimp",frozen vegetables,0.017997600319957337,0.09532062391681109,0.005332622317024397,0.29629629629629634,3.1084175084175087,1.0,0.0036170798255206645,1.2855970081182158,0.6907242736899267,0.04938271604938272,0.22215127004399038,0.17612017612017614
"chocolate, turkey",burgers,0.011331822423676844,0.0871883748833489,0.0030662578322890282,0.27058823529411763,3.1034898363014927,1.0,0.0020782546507019523,1.2514352924986345,0.6855506308334505,0.03212290502793296,0.20091753365578738,0.15287821550638603
"milk, tomatoes",frozen vegetables,0.013998133582189041,0.09532062391681109,0.0041327822956939075,0.29523809523809524,3.0973160173160172,1.0,0.0027984714689687825,1.2836666822802005,0.6867530836197423,0.03929024081115336,0.22098157270571064,0.1692973692973693
"frozen vegetables, milk",olive oil,0.023596853752832957,0.0658578856152513,0.004799360085321957,0.20338983050847456,3.088314005352364,1.0,0.0032453211899880706,1.1726464840148974,0.692540506098671,0.056692913385826764,0.1472280745888494,0.13813216221780003
"milk, spaghetti",olive oil,0.03546193840821224,0.0658578856152513,0.007199040127982935,0.20300751879699247,3.0825089038385434,1.0,0.004863591844599807,1.1720839737091657,0.7004274488725076,0.07648725212464588,0.14681880954705873,0.15615962984384035
"cooking oil, spaghetti",ground beef,0.01586455139314758,0.09825356619117451,0.004799360085321957,0.3025210084033613,3.0789824749438446,1.0,0.0032406113349220415,1.2928653689548222,0.6861020801348626,0.04390243902439025,0.22652425843193574,0.17568384205785434
"chicken, spaghetti",olive oil,0.01719770697240368,0.0658578856152513,0.0034662045060658577,0.20155038759689922,3.0603835169318647,1.0,0.002333599887432687,1.169944978210025,0.6850244167118829,0.04355108877721943,0.1452589492456602,0.1270909832721338
"pancakes, spaghetti",olive oil,0.025196640447940274,0.0658578856152513,0.005065991201173177,0.20105820105820105,3.0529100529100526,1.0,0.003406593736664112,1.1692242358855465,0.6898249452954048,0.05891472868217054,0.14473206309941003,0.138990638990639
"chocolate, soup",milk,0.010131982402346354,0.12958272230369283,0.003999466737768298,0.3947368421052632,3.0462150747238472,1.0,0.0026865368757391477,1.43808071967216,0.6785993265993266,0.02946954813359529,0.3046287414047449,0.21280051981806372
"olive oil, shrimp",milk,0.008132249033462205,0.12958272230369283,0.003199573390214638,0.3934426229508197,3.0362274843149164,1.0,0.002145774422007031,1.4350122686344524,0.6761424731182797,0.023785926660059468,0.30314184634003655,0.20906699048775554
"eggs, red wine",spaghetti,0.007065724570057326,0.17411011865084655,0.0037328356219170776,0.5283018867924528,3.0342974370828397,1.0,0.0025026214786701946,1.7508865484602052,0.6752052324689273,0.021036814425244178,0.4288607672042274,0.2748706983732555
"green tea, ground beef",tomatoes,0.014798026929742702,0.06839088121583789,0.0030662578322890282,0.2072072072072072,3.0297490472929067,1.0,0.002054207730308225,1.1750978657391136,0.6800023533564747,0.03826955074875208,0.1490070494077363,0.12602075759970496
"frozen vegetables, spaghetti",shrimp,0.027862951606452472,0.07145713904812692,0.005999200106652446,0.21531100478468898,3.0131489680782684,1.0,0.00400819329941894,1.183325963042326,0.6872706771499969,0.06428571428571428,0.1549243139827641,0.14963311433264298
"ground beef, shrimp",spaghetti,0.011465137981602452,0.17411011865084655,0.005999200106652446,0.5232558139534884,3.005315360233627,1.0,0.0040030035723273155,1.732354385268956,0.6749951299917584,0.03340757238307349,0.42275090564408657,0.2788560846183981
"frozen vegetables, olive oil",ground beef,0.011331822423676844,0.09825356619117451,0.003332888948140248,0.29411764705882354,2.9934551839731824,1.0,0.0022194969835688796,1.2774741145625028,0.6735706580366774,0.03136762860727729,0.21720527359376632,0.16401947481842127
"milk, turkey",ground beef,0.011331822423676844,0.09825356619117451,0.003332888948140248,0.29411764705882354,2.9934551839731824,1.0,0.0022194969835688796,1.2774741145625028,0.6735706580366774,0.03136762860727729,0.21720527359376632,0.16401947481842127
"french fries, shrimp",milk,0.009998666844420743,0.12958272230369283,0.0038661511798426876,0.3866666666666667,2.9839368998628264,1.0,0.0025704967107349737,1.4191586049396314,0.6715872470444013,0.02848722986247544,0.2953571246234748,0.2082510288065844
"shrimp, spaghetti",frozen vegetables,0.021197173710171976,0.09532062391681109,0.005999200106652446,0.2830188679245283,2.969125214408233,1.0,0.003978672283325828,1.2617896561160267,0.6775628802324526,0.054282267792521106,0.20747487891274488,0.1729779654307956
"low fat yogurt, milk",frozen vegetables,0.013198240234635382,0.09532062391681109,0.0037328356219170776,0.2828282828282828,2.9671258034894397,1.0,0.0024747711281476736,1.2614543412990946,0.6718406222256532,0.035623409669211195,0.20726421301133943,0.160994560994561
"milk, whole wheat rice",burgers,0.011865084655379284,0.0871883748833489,0.0030662578322890282,0.25842696629213485,2.9640071470295157,1.0,0.0020317603833331487,1.2309126459906357,0.6705753302517655,0.03194444444444444,0.18759466542387956,0.14679758100539464
"grated cheese, mineral water",ground beef,0.0174643380882549,0.09825356619117451,0.005065991201173177,0.2900763358778626,2.9523237386972148,1.0,0.003350057702833774,1.2702019659027541,0.6730379204456187,0.045783132530120486,0.21272362439678405,0.17081835789822572
"milk, olive oil",frozen vegetables,0.017064391414478068,0.09532062391681109,0.004799360085321957,0.28125,2.950568181818182,1.0,0.003172771648933233,1.2586843493331323,0.6725590367255904,0.04460966542750929,0.20551963601532566,0.16579982517482517
"milk, soup",tomatoes,0.015197973603519531,0.06839088121583789,0.0030662578322890282,0.20175438596491227,2.9500188092062514,1.0,0.0020268550248492842,1.167070764191148,0.671220298879936,0.0380794701986755,0.14315392803703592,0.1232943469785575
"milk, olive oil",ground beef,0.017064391414478068,0.09825356619117451,0.004932675643247567,0.28906250000000006,2.942005172998644,1.0,0.0032560383318930367,1.2683905882146116,0.6715554561750141,0.04468599033816425,0.21159932177705507,0.16963301390773408
"frozen vegetables, ground beef",spaghetti,0.01693107585655246,0.17411011865084655,0.008665511265164644,0.5118110236220472,2.939582303360625,1.0,0.005717639638893812,1.6917421763119755,0.6711794037261897,0.04751461988304094,0.40889337985294205,0.28079065729341257
"tomatoes, whole wheat rice",spaghetti,0.005999200106652446,0.17411011865084655,0.0030662578322890282,0.5111111111111112,2.9355623617491924,1.0,0.0020217363899095995,1.6893202118505413,0.6633292125396529,0.017319277108433735,0.4080459151645593,0.26436106857240094
"ground beef, pepper",spaghetti,0.006532462338354886,0.17411011865084655,0.003332888948140248,0.5102040816326531,2.9303528455792733,1.0,0.0021955211553270925,1.686191841087855,0.6630756843800323,0.018796992481203006,0.4069476701092059,0.2646732506172454
"ground beef, shrimp",frozen vegetables,0.011465137981602452,0.09532062391681109,0.003199573390214638,0.2790697674418605,2.9276955602537003,1.0,0.002106709284515964,1.2548778442444235,0.666071027197123,0.03088803088803089,0.2031096854673439,0.15631810050414705
almonds,burgers,0.020397280362618318,0.0871883748833489,0.005199306759098787,0.25490196078431376,2.923577382023146,1.0,0.0034209010322420507,1.2250892863407685,0.6716531971022989,0.05078125,0.1837329644870947,0.1572674941536248
"salmon, spaghetti",ground beef,0.013464871350486601,0.09825356619117451,0.0038661511798426876,0.2871287128712871,2.922323575641146,1.0,0.0025431795513520027,1.2649498585373802,0.6667847157502329,0.03584672435105068,0.209454830758061,0.16323871193089456
"chicken, ground beef",spaghetti,0.009465404612718305,0.17411011865084655,0.004799360085321957,0.5070422535211266,2.9121929124517387,1.0,0.003151337365123303,1.6753766164511394,0.6628906834155825,0.026845637583892617,0.40311928065568536,0.26730366887388646
"mineral water, spaghetti",ground beef,0.05972536995067324,0.09825356619117451,0.017064391414478068,0.2857142857142857,2.90792789300252,1.0,0.01119616082473721,1.2624450073323557,0.6977881752445767,0.12109744560075686,0.20788628875559684,0.22969567745687147
"frozen vegetables, olive oil",spaghetti,0.011331822423676844,0.17411011865084655,0.005732568990801226,0.5058823529411764,2.9055310332402486,1.0,0.0037595840440845275,1.6714438074923343,0.6633457514864153,0.031899109792284865,0.40171485543369884,0.2694036573281686
parmesan cheese,frozen vegetables,0.01986401813091588,0.09532062391681109,0.005465937874950006,0.27516778523489926,2.886760219646125,1.0,0.003572487273216257,1.2481224725592142,0.6668369648876031,0.04981773997569866,0.19879657486692887,0.1662552212887783
"shrimp, spaghetti",ground beef,0.021197173710171976,0.09825356619117451,0.005999200106652446,0.2830188679245283,2.880494610993062,1.0,0.00391650219645424,1.2576989734702038,0.6669753927176972,0.052878965922444184,0.20489718041127836,0.17203860628248124
"ground beef, tomatoes",frozen vegetables,0.011731769097453673,0.09532062391681109,0.003199573390214638,0.2727272727272727,2.861157024793388,1.0,0.0020812938401973905,1.2439341421143848,0.6582130491478934,0.03080872913992298,0.19609892023685124,0.15314685314685314
"eggs, french fries",burgers,0.036395147313691506,0.0871883748833489,0.009065457938941474,0.2490842490842491,2.856851609145187,1.0,0.0058922241910206305,1.2155979202772964,0.6745133305120609,0.07916181606519208,0.17735956658112345,0.1765298921262224
"mineral water, soup",milk,0.023063591521130515,0.12958272230369283,0.008532195707239034,0.3699421965317919,2.8548728561573777,1.0,0.005543552731830574,1.3814879728574416,0.6650603848253274,0.05920444033302497,0.27614281148490905,0.2178929089654844
"green tea, tomatoes",frozen vegetables,0.012265031329156113,0.09532062391681109,0.003332888948140248,0.2717391304347826,2.8507905138339917,1.0,0.0021637785094858527,1.2422463074575132,0.6572816844378458,0.0319693094629156,0.19500666333499914,0.15335208269990877
"frozen vegetables, low fat yogurt",milk,0.010131982402346354,0.12958272230369283,0.0037328356219170776,0.3684210526315789,2.843134069742257,1.0,0.0024199057598879277,1.3781606896858198,0.654911014911015,0.027450980392156866,0.2743952084223424,0.1986138184968594
"chicken, spaghetti",ground beef,0.01719770697240368,0.09825356619117451,0.004799360085321957,0.27906976744186046,2.840301662932694,1.0,0.0031096240449724685,1.250809569476758,0.6592625248688732,0.043373493975903614,0.20051778911611404,0.1639582215771039
"milk, pancakes",shrimp,0.01653112918277563,0.07145713904812692,0.003332888948140248,0.20161290322580647,2.821452214732788,1.0,0.0021516217515041014,1.1630233813942654,0.6564240206045819,0.03937007874015748,0.14017205844892666,0.12412734713529129
"frozen vegetables, mineral water",shrimp,0.03572856952406346,0.07145713904812692,0.007199040127982935,0.2014925373134328,2.8197677656493645,1.0,0.004645978767511263,1.1628480688556169,0.669273033575536,0.072,0.14004242963216934,0.1511194029850746
"herb & pepper, pancakes",spaghetti,0.007332355685908546,0.17411011865084655,0.0035995200639914677,0.49090909090909085,2.8195322288737295,1.0,0.0023228827455277212,1.6222836955072655,0.650097989474836,0.020239880059970017,0.38358500256805333,0.2557914520395378
"french fries, tomatoes",frozen vegetables,0.011998400213304892,0.09532062391681109,0.003199573390214638,0.2666666666666667,2.7975757575757583,1.0,0.0020558783958788164,1.233653694658894,0.650350829847524,0.030729833546734954,0.1893997445721584,0.15011655011655015
"ground beef, turkey",milk,0.009198773496867084,0.12958272230369283,0.003332888948140248,0.36231884057971014,2.7960428222102944,1.0,0.0021408868365611513,1.3649725491146636,0.6483153928955867,0.024606299212598423,0.26738453410758245,0.19401950259438183
"milk, spaghetti",ground beef,0.03546193840821224,0.09825356619117451,0.009732035728569524,0.2744360902255639,2.7931412656471575,1.0,0.006247773815910889,1.2428215098090547,0.6655830201361342,0.07849462365591398,0.19537923015700104,0.1867431468766897
"milk, shrimp",frozen vegetables,0.01759765364618051,0.09532062391681109,0.004666044527396347,0.26515151515151514,2.78168044077135,1.0,0.0029886252023704754,1.231110078793618,0.6519783649652016,0.043103448275862065,0.18772495065598513,0.15705128205128205
"frozen smoothie, spaghetti",frozen vegetables,0.01559792027729636,0.09532062391681109,0.0041327822956939075,0.26495726495726496,2.7796425796425797,1.0,0.0026459788030573396,1.230784732578292,0.6503861880963199,0.03870162297128589,0.18751023348724496,0.15415695415695416
strong cheese,spaghetti,0.007732302359685375,0.17411011865084655,0.0037328356219170776,0.4827586206896552,2.7727200718170777,1.0,0.0023865635406280362,1.59672043727503,0.6443254448091208,0.020958083832335328,0.37371628955498043,0.2520990653218567
"eggs, shrimp",frozen vegetables,0.014131449140114652,0.09532062391681109,0.0037328356219170776,0.2641509433962264,2.7711835334476844,1.0,0.002385817073032665,1.2294360751899747,0.6483048391770501,0.03530895334174023,0.1866189546736066,0.1516558912785328
"frozen smoothie, spaghetti",milk,0.01559792027729636,0.12958272230369283,0.005599253432875617,0.358974358974359,2.7702331961591224,1.0,0.0035780324610675826,1.3578509532062393,0.6491448692152918,0.04011461318051576,0.2635421453004544,0.20109211775878444
"chicken, olive oil",spaghetti,0.007199040127982935,0.17411011865084655,0.0034662045060658577,0.48148148148148145,2.765384833531847,1.0,0.002212778775210543,1.5927876283162241,0.6430157730010019,0.019490254872563714,0.37216991002301736,0.25069479893369634
"milk, soup",frozen vegetables,0.015197973603519531,0.09532062391681109,0.003999466737768298,0.26315789473684215,2.7607655502392348,1.0,0.0025507864116095904,1.2277791532557565,0.647624204683904,0.03754693366708386,0.1855212744504941,0.15255796834744206
"soup, spaghetti",ground beef,0.014264764698040262,0.09825356619117451,0.0038661511798426876,0.27102803738317754,2.7584549639229508,1.0,0.0024645871773822593,1.2370111335582605,0.6467032915784466,0.03558282208588957,0.19159983861786145,0.15518837418683978
"ground beef, tomatoes",spaghetti,0.011731769097453673,0.17411011865084655,0.005599253432875617,0.4772727272727273,2.741211889182793,1.0,0.0035566337233336226,1.5799632512766413,0.6427383040090446,0.03106508875739645,0.367073886565412,0.2547159961019073
"ground beef, milk",frozen vegetables,0.021997067057725635,0.09532062391681109,0.005732568990801226,0.2606060606060606,2.733994490358127,1.0,0.0036357948345188866,1.2235417791289032,0.6484999112373514,0.051373954599761046,0.18270056890746547,0.16037296037296037
"spaghetti, tomatoes",ground beef,0.020930542594320756,0.09825356619117451,0.005599253432875617,0.267515923566879,2.7227095558686014,1.0,0.003542752980667325,1.2310799139824833,0.6462450721029153,0.04929577464788733,0.18770504770478405,0.16225185594897545
"olive oil, spaghetti",ground beef,0.022930275963204905,0.09825356619117451,0.0061325156645780565,0.2674418604651163,2.7219557603104985,1.0,0.0038795342774454056,1.2309554493263333,0.647463619806961,0.05330243337195829,0.18762291474701914,0.16492852860433563
"milk, whole wheat rice",frozen vegetables,0.011865084655379284,0.09532062391681109,0.0030662578322890282,0.25842696629213485,2.7111338100102147,1.0,0.0019352705601124935,1.2199464313849062,0.6387292052840282,0.029449423815621004,0.1802918765336433,0.14529739922998353
"french fries, milk",burgers,0.023730169310758567,0.0871883748833489,0.005599253432875617,0.23595505617977527,2.7062673951139056,1.0,0.0035302585349638576,1.194709332873264,0.6458126060747936,0.053164556962025315,0.16297632195187592,0.1500876198330069
"cereals, mineral water",milk,0.010265297960271964,0.12958272230369283,0.0035995200639914677,0.3506493506493506,2.705988455988456,1.0,0.0022693148090408813,1.340442607652313,0.6369881465517241,0.0264187866927593,0.25397775757708363,0.1892135642135642
"eggs, grated cheese",spaghetti,0.009065457938941474,0.17411011865084655,0.004266097853619517,0.47058823529411764,2.7028195658048824,1.0,0.002687709896246158,1.5600142203261786,0.6357796313736042,0.023845007451564825,0.3589802022503917,0.24754526619223494
"grated cheese, ground beef",spaghetti,0.011331822423676844,0.17411011865084655,0.005332622317024397,0.47058823529411764,2.7028195658048824,1.0,0.003359637370307698,1.5600142203261786,0.6372370550161812,0.029607698001480384,0.3589802022503917,0.250608053328529
"eggs, green tea",burgers,0.025463271563791495,0.0871883748833489,0.005999200106652446,0.23560209424083767,2.7022191267592097,1.0,0.0037790988397920756,1.194157673953975,0.6463930688554491,0.056249999999999994,0.16258964639995957,0.15220471684518946
"grated cheese, herb & pepper",spaghetti,0.006532462338354886,0.17411011865084655,0.0030662578322890282,0.46938775510204084,2.6959246179329313,1.0,0.0019288900394758726,1.5564847763887895,0.6332061425004085,0.017267267267267267,0.35752664261830647,0.24349939056786574
"cake, olive oil",spaghetti,0.006532462338354886,0.17411011865084655,0.0030662578322890282,0.46938775510204084,2.6959246179329313,1.0,0.0019288900394758726,1.5564847763887895,0.6332061425004085,0.017267267267267267,0.35752664261830647,0.24349939056786574
"olive oil, pancakes",spaghetti,0.010798560191974404,0.17411011865084655,0.005065991201173177,0.4691358024691358,2.6944775301079535,1.0,0.003185852604890205,1.5557460555646843,0.6357355653284155,0.028169014084507043,0.35722157454737485,0.2491161401319645
"ground beef, olive oil",milk,0.014131449140114652,0.12958272230369283,0.004932675643247567,0.34905660377358494,2.6936971038124082,1.0,0.0031014839935753317,1.3371627744320083,0.6377757067412241,0.03554274735830932,0.2521478916994426,0.19356122369749207
"chocolate, frozen vegetables",milk,0.022930275963204905,0.12958272230369283,0.007998933475536596,0.34883720930232565,2.6920040195234,1.0,0.005027565893049572,1.3367122478907576,0.643280120070951,0.05535055350553506,0.25189583504008956,0.20528280218202702
"french fries, olive oil",milk,0.009198773496867084,0.12958272230369283,0.003199573390214638,0.3478260869565218,2.684201109321883,1.0,0.0020075712786355414,1.3346398258010044,0.6332750269106566,0.023598820058997053,0.25073418261002756,0.18625872249060657
"low fat yogurt, spaghetti",ground beef,0.015197973603519531,0.09825356619117451,0.003999466737768298,0.26315789473684215,2.678354638291795,1.0,0.0025062116323431687,1.2237987315976917,0.6363070258562339,0.036540803897685756,0.18287217155840524,0.15193172891523246
"milk, soup",ground beef,0.015197973603519531,0.09825356619117451,0.003999466737768298,0.26315789473684215,2.678354638291795,1.0,0.0025062116323431687,1.2237987315976917,0.6363070258562339,0.036540803897685756,0.18287217155840524,0.15193172891523246
"chicken, milk",ground beef,0.014798026929742702,0.09825356619117451,0.0038661511798426876,0.26126126126126126,2.6590511814392412,1.0,0.00241219226140243,1.2206567579607273,0.6332975596099109,0.03540903540903541,0.18076888242470737,0.15030498612588164
"burgers, ground beef",milk,0.011998400213304892,0.12958272230369283,0.0041327822956939075,0.34444444444444444,2.65810470964792,1.0,0.002577996932764651,1.3277551693672482,0.6313674964416452,0.03006789524733269,0.24684910059393136,0.1881687242798354
"frozen vegetables, soup",mineral water,0.007998933475536596,0.23836821757099053,0.005065991201173177,0.6333333333333333,2.6569537658463833,1.0,0.00315929968614059,2.077177588442753,0.6286577214437787,0.020994475138121547,0.5185775132738198,0.3272930648769575
"cookies, french fries",green tea,0.013331555792560993,0.13211571790427942,0.004666044527396347,0.35,2.6491927346115034,1.0,0.002904736463081197,1.33520658783957,0.6309379041442276,0.0331439393939394,0.2510522273425499,0.19265893037336024
"burgers, whole wheat rice",milk,0.008932142381015865,0.12958272230369283,0.0030662578322890282,0.34328358208955223,2.649146244088201,1.0,0.0019088065065528037,1.325408127401195,0.6281304464797465,0.022637795275590556,0.24551541572273416,0.18347306676494074
"soup, spaghetti",frozen vegetables,0.014264764698040262,0.09532062391681109,0.0035995200639914677,0.2523364485981308,2.647238742565845,1.0,0.0022397937929477685,1.210008665511265,0.6312525671465352,0.033962264150943396,0.17355963762666948,0.14504934318018428
"cake, ground beef",spaghetti,0.008132249033462205,0.17411011865084655,0.0037328356219170776,0.45901639344262296,2.6363567895965656,1.0,0.002316928777802741,1.5266449321908595,0.6257776497695853,0.020911127707244213,0.34496884055094673,0.24022795169834057
"pancakes, soup",mineral water,0.006799093454206106,0.23836821757099053,0.004266097853619517,0.6274509803921569,2.632276176689915,1.0,0.0026454100658418185,2.0443800475726044,0.6243456375838926,0.01770890979524073,0.5108541578717957,0.322674036057376
"cooking oil, eggs",milk,0.011731769097453673,0.12958272230369283,0.003999466737768298,0.34090909090909094,2.630822109988777,1.0,0.0024792321606819136,1.3206331109875007,0.6272494266828545,0.029126213592233018,0.24278742394073996,0.18588664421997758
"grated cheese, milk",spaghetti,0.007865617917610986,0.17411011865084655,0.0035995200639914677,0.45762711864406774,2.6283775014924595,1.0,0.0022300363950939943,1.5227344687375013,0.6244488239919574,0.020179372197309416,0.34328668554465736,0.2391504659070262
"eggs, tomatoes",frozen vegetables,0.012265031329156113,0.09532062391681109,0.0030662578322890282,0.25,2.6227272727272726,1.0,0.0018971473936346328,1.2062391681109186,0.6264003239303549,0.029336734693877552,0.17097701149425287,0.14108391608391607
"olive oil, spaghetti",frozen vegetables,0.022930275963204905,0.09532062391681109,0.005732568990801226,0.25,2.6227272727272726,1.0,0.003546840779403878,1.2062391681109186,0.63323782234957,0.0509478672985782,0.17097701149425287,0.15506993006993006
"frozen vegetables, mineral water",ground beef,0.03572856952406346,0.09825356619117451,0.009198773496867084,0.25746268656716415,2.6203902468660765,1.0,0.005688314126218535,1.214412282717413,0.6412898210095836,0.0737179487179487,0.17655641808697492,0.1755427408412483
"burgers, ground beef",spaghetti,0.011998400213304892,0.17411011865084655,0.005465937874950006,0.45555555555555555,2.616479496341671,1.0,0.0033768949901911488,1.5169405983964042,0.6253097735403207,0.030258302583025826,0.34077840552416827,0.24347456185128466
"frozen vegetables, ground beef",milk,0.01693107585655246,0.12958272230369283,0.005732568990801226,0.3385826771653543,2.612868993227698,1.0,0.00353859408977883,1.3159880269932263,0.6279101305025199,0.04071969696969697,0.24011466708796486,0.19141068014646315
"chocolate, milk",frozen vegetables,0.03212904946007199,0.09532062391681109,0.007998933475536596,0.2489626556016598,2.611844586948322,1.0,0.004936372435148452,1.2045730919118705,0.6376147842056934,0.06696428571428573,0.16983036835662396,0.16643936975887186
"chicken, pancakes",milk,0.009065457938941474,0.12958272230369283,0.0030662578322890282,0.3382352941176471,2.6101882110869044,1.0,0.0018915311136313677,1.3152972196299753,0.6225293783889705,0.022615535889872175,0.2397155676484103,0.18094892277898816
"frozen vegetables, whole wheat rice",milk,0.009065457938941474,0.12958272230369283,0.0030662578322890282,0.3382352941176471,2.6101882110869044,1.0,0.0018915311136313677,1.3152972196299753,0.6225293783889705,0.022615535889872175,0.2397155676484103,0.18094892277898816
"chocolate, ground beef",frozen vegetables,0.023063591521130515,0.09532062391681109,0.005732568990801226,0.24855491329479767,2.6075669994745136,1.0,0.003534133057244591,1.203919477403013,0.6310551436985884,0.050887573964497036,0.16937966469559051,0.1543473867173289
"eggs, frozen vegetables",milk,0.021730435941874418,0.12958272230369283,0.007332355685908546,0.3374233128834356,2.6039220884142495,1.0,0.004516466639714447,1.3136853357823897,0.6296464233504298,0.05092592592592593,0.23878270331423654,0.19700383751167663
"green tea, olive oil",spaghetti,0.009998666844420743,0.17411011865084655,0.004532728969470737,0.4533333333333333,2.60371618172537,1.0,0.002791859898838356,1.5107741731996709,0.622154275122384,0.02524127691165553,0.33808770513855263,0.23968351199591628
"chocolate, tomatoes",frozen vegetables,0.013998133582189041,0.09532062391681109,0.0034662045060658577,0.2476190476190476,2.5977489177489175,1.0,0.0021318936793407323,1.2024219555536055,0.6237831260140616,0.0327455919395466,0.1683451924831235,0.14199134199134197
"burgers, spaghetti",ground beef,0.021463804826023197,0.09825356619117451,0.005465937874950006,0.2546583850931677,2.591848774197898,1.0,0.0033570425067618852,1.2098431320268408,0.627646706984781,0.047841306884480746,0.17344656217975324,0.15514466066055943
"cake, chocolate",burgers,0.013598186908412212,0.0871883748833489,0.0030662578322890282,0.22549019607843138,2.586241530251244,1.0,0.0018806540143845372,1.178566908378461,0.6217937794179001,0.03137789904502047,0.15151189729579578,0.13032919589854292
"pancakes, spaghetti",ground beef,0.025196640447940274,0.09825356619117451,0.006399146780429276,0.253968253968254,2.584824793780018,1.0,0.003923487000382352,1.2087239431905532,0.6289746307439825,0.05466970387243736,0.17268123492251233,0.15954857745902523
"frozen vegetables, soup",spaghetti,0.007998933475536596,0.17411011865084655,0.0035995200639914677,0.44999999999999996,2.584571209800919,1.0,0.0022068248074855624,1.5016179660893698,0.6180322238647732,0.020164301717699777,0.3340516545601291,0.23533690658499232
whole wheat pasta,milk,0.029462738301559793,0.12958272230369283,0.009865351286495135,0.33484162895927605,2.5839990317114503,1.0,0.006047489450857737,1.3085865195298223,0.631611969111969,0.06613047363717606,0.23581667312353036,0.20548665810103722
"burgers, milk",cake,0.01786428476203173,0.08105585921877083,0.0037328356219170776,0.20895522388059698,2.577916339355852,1.0,0.0022848306712018006,1.1616841024970255,0.6232232542806725,0.039215686274509796,0.13918078258064095,0.12750392772977218
"mineral water, shrimp",milk,0.023596853752832957,0.12958272230369283,0.007865617917610986,0.3333333333333333,2.5723593964334706,1.0,0.00480787337051678,1.3056259165444606,0.62602403058438,0.05412844036697248,0.23408383111247255,0.1970164609053498
"cake, turkey",eggs,0.006932409012131715,0.17970937208372217,0.003199573390214638,0.46153846153846156,2.5682492581602374,1.0,0.001953754519616911,1.5233968804159446,0.6148923792902852,0.017441860465116282,0.3435722411831627,0.2396713079205661
"eggs, ground beef",spaghetti,0.019997333688841486,0.17411011865084655,0.008932142381015865,0.4466666666666667,2.565426237876468,1.0,0.005450404239751103,1.492572074727386,0.622652619097412,0.04823614110871131,0.33001560398170576,0.24898417559979585
"avocado, milk",spaghetti,0.007465671243834155,0.17411011865084655,0.003332888948140248,0.44642857142857145,2.564058739881864,1.0,0.0020330400420680702,1.4919301082436318,0.61458159838818,0.018698578908002993,0.32972731465467553,0.23278549551520455
flax seed,green tea,0.009065457938941474,0.13211571790427942,0.0030662578322890282,0.3382352941176471,2.560144239330445,1.0,0.001868568348554726,1.3114695818335333,0.6149720108330067,0.0222007722007722,0.237496611547845,0.18072208701846026
"chocolate, olive oil",frozen vegetables,0.01639781362485002,0.09532062391681109,0.003999466737768298,0.24390243902439027,2.558758314855876,1.0,0.0024364169121760086,1.1965114328842177,0.6193412849010573,0.037128712871287134,0.1642369871974582,0.1429302404912161
tomato sauce,spaghetti,0.014131449140114652,0.17411011865084655,0.006265831222503666,0.4433962264150943,2.546642491837383,1.0,0.0038054029360099005,1.4838021597120383,0.616031533669961,0.03443223443223443,0.3260557053009883,0.23969198763327457
"chocolate, frozen vegetables",ground beef,0.022930275963204905,0.09825356619117451,0.005732568990801226,0.25,2.544436906377205,1.0,0.0034795876036685753,1.2023285784117672,0.6212307272479192,0.049653579676674366,0.1682806031933767,0.15417232021709634
"green tea, tomatoes",ground beef,0.012265031329156113,0.09825356619117451,0.0030662578322890282,0.25,2.544436906377205,1.0,0.001861174764752959,1.2023285784117672,0.6145228775813201,0.028535980148883377,0.1682806031933767,0.14060379918588875
"olive oil, shrimp",spaghetti,0.008132249033462205,0.17411011865084655,0.0035995200639914677,0.4426229508196721,2.5422011899681167,1.0,0.0021836132198771313,1.4817436106558342,0.6116138988450817,0.020149253731343283,0.325119411476733,0.2316483819948284
"ground beef, milk",spaghetti,0.021997067057725635,0.17411011865084655,0.009732035728569524,0.44242424242424244,2.5410599099726205,1.0,0.005902123773178286,1.4812155480718512,0.620103897461944,0.05221745350500716,0.3248788123364395,0.24916005383080422
"grated cheese, pancakes",spaghetti,0.006932409012131715,0.17411011865084655,0.0030662578322890282,0.44230769230769235,2.540390505359878,1.0,0.0018592552766505774,1.4809059941433096,0.6105926094544353,0.017228464419475658,0.3247376916868443,0.2299593591706915
"french fries, milk",frozen vegetables,0.023730169310758567,0.09532062391681109,0.005732568990801226,0.24157303370786515,2.534320735444331,1.0,0.0034705944464481567,1.1928365106874639,0.6201328087040195,0.05058823529411764,0.16166214645486243,0.15085644692386263
"ground beef, pancakes",spaghetti,0.014531395813891481,0.17411011865084655,0.006399146780429276,0.44036697247706424,2.5292439973586975,1.0,0.003869083731110216,1.4757704437222579,0.6135405393217894,0.03511338697878566,0.3223878386683549,0.2385602090562963
"mineral water, tomatoes",frozen vegetables,0.024396747100386616,0.09532062391681109,0.005865884548726837,0.24043715846994534,2.5224043715846993,1.0,0.0035403713935773327,1.1910527037641985,0.6186458048647172,0.05152224824355972,0.1604065908757825,0.15098781000420344
"light cream, spaghetti",mineral water,0.005332622317024397,0.23836821757099053,0.003199573390214638,0.6,2.5171140939597314,1.0,0.0019284457135262472,1.9040794560725238,0.6059509449135505,0.013303769401330379,0.474811832662349,0.30671140939597313
"burgers, cake",milk,0.011465137981602452,0.12958272230369283,0.0037328356219170776,0.32558139534883723,2.5125370848885065,1.0,0.0022471518306735657,1.290618722101421,0.608977940468163,0.02718446601941748,0.22517782914866413,0.17719398985548857
"light cream, mineral water",spaghetti,0.007332355685908546,0.17411011865084655,0.003199573390214638,0.4363636363636364,2.506250870109982,1.0,0.001922936071750892,1.465288499167853,0.6054369236278987,0.017950635751682875,0.3175405385574877,0.22737017959070027
pepper,ground beef,0.026529796027196375,0.09825356619117451,0.006532462338354886,0.24623115577889446,2.5060785610549354,1.0,0.0039258152683583885,1.1963169355197083,0.6173483362120527,0.0552423900789177,0.164101108737062,0.15635845441590585
"pancakes, whole wheat rice",mineral water,0.006932409012131715,0.23836821757099053,0.0041327822956939075,0.5961538461538461,2.5009787472035794,1.0,0.0024803163159989993,1.8859453660146903,0.6043461127061871,0.017136539524599228,0.4697619464379485,0.3067458268800551
"eggs, milk",frozen vegetables,0.03079589388081589,0.09532062391681109,0.007332355685908546,0.2380952380952381,2.497835497835498,1.0,0.00439687186711327,1.1873916811091856,0.618707015130674,0.061728395061728406,0.1578179164386061,0.1575091575091575
"chocolate, cooking oil",milk,0.013598186908412212,0.12958272230369283,0.004399413411545127,0.3235294117647059,2.496701767126604,1.0,0.0026373233335586365,1.2867038018119323,0.6077356890980354,0.03170028818443804,0.2228203580405972,0.17874001452432825
"ground beef, olive oil",spaghetti,0.014131449140114652,0.17411011865084655,0.0061325156645780565,0.4339622641509434,2.4924586090323326,1.0,0.003672087378084291,1.4590721237168378,0.6073727841961372,0.03367496339677892,0.31463292064507287,0.23459215810916237
"eggs, spaghetti",ground beef,0.036528462871617116,0.09825356619117451,0.008932142381015865,0.2445255474452555,2.4887193098871934,1.0,0.005343090636397573,1.1936160524812471,0.620866196208662,0.07097457627118645,0.16220965869113863,0.16771731917717322
"cooking oil, pancakes",mineral water,0.007865617917610986,0.23836821757099053,0.004666044527396347,0.5932203389830508,2.4886721267963448,1.0,0.0027911312042809703,1.872344798471315,0.6029216416477905,0.019315673289183224,0.46591033830069384,0.3063976415273196
"spaghetti, whole wheat rice",burgers,0.014131449140114652,0.0871883748833489,0.0030662578322890282,0.2169811320754717,2.4886475102417633,1.0,0.0018341597470157337,1.1657594248477714,0.6067495663932739,0.03120759837177748,0.14219007911466527,0.12607466389706307
"ground beef, salmon",spaghetti,0.008932142381015865,0.17411011865084655,0.0038661511798426876,0.43283582089552236,2.4859888916824757,1.0,0.0023109748100777604,1.4561742644840334,0.6031328564934644,0.021577380952380952,0.3132690060592919,0.22752051381682703
"green tea, ground beef",spaghetti,0.014798026929742702,0.17411011865084655,0.006399146780429276,0.43243243243243246,2.483672033442325,1.0,0.003822660555893352,1.4551393147580323,0.6063430311231394,0.035062089116143176,0.31278057718735686,0.2345929390339804
"mineral water, olive oil",frozen vegetables,0.027596320490601255,0.09532062391681109,0.006532462338354886,0.23671497584541062,2.4833552920509443,1.0,0.003901963851382496,1.1852444990456967,0.614270605417928,0.0561282932416953,0.15629222425824124,0.15262322218843957
"chocolate, olive oil",spaghetti,0.01639781362485002,0.17411011865084655,0.007065724570057326,0.43089430894308944,2.4748378341363813,1.0,0.004210699294220221,1.4512065057992267,0.605868031935842,0.03851744186046512,0.310918193927702,0.23573811924949264
tomatoes,frozen vegetables,0.06839088121583789,0.09532062391681109,0.0161311825089988,0.23586744639376217,2.4744639376218323,1.0,0.009612121041284616,1.1839298977823367,0.6396159650309622,0.1093044263775971,0.15535539572643825,0.2025491078122657
"ground beef, olive oil",frozen vegetables,0.014131449140114652,0.09532062391681109,0.003332888948140248,0.2358490566037736,2.474271012006861,1.0,0.0019858703992558357,1.1839014057384942,0.6043813387423934,0.0314070351758794,0.15533506831489916,0.13540704578440427
"frozen vegetables, milk",ground beef,0.023596853752832957,0.09825356619117451,0.005732568990801226,0.24293785310734461,2.4725601576094873,1.0,0.003414093958693789,1.1911128267474784,0.6099538948090382,0.04936854190585533,0.16044897045508458,0.15064124677076865
"burgers, chocolate",milk,0.017064391414478068,0.12958272230369283,0.005465937874950006,0.3203125,2.4718766075102883,1.0,0.0032546875810061746,1.2806139258060611,0.6057864389846936,0.03871576959395656,0.21912453093888803,0.18124678497942387
"ground beef, low fat yogurt",milk,0.009598720170643914,0.12958272230369283,0.0030662578322890282,0.3194444444444445,2.4651777549154095,1.0,0.001822429541945623,1.2789804896762065,0.6001100270970989,0.022526934378060727,0.2181272442606491,0.17155349794238683
"mineral water, turkey",milk,0.019197440341287828,0.12958272230369283,0.0061325156645780565,0.3194444444444445,2.4651777549154095,1.0,0.003644859083891246,1.2789804896762065,0.6059830625668544,0.04299065420560748,0.2181272442606491,0.18338477366255146
"mineral water, olive oil",ground beef,0.027596320490601255,0.09825356619117451,0.006665777896280496,0.24154589371980675,2.4583931462581687,1.0,0.0039543409943243405,1.1889268267415725,0.6100658075130244,0.05592841163310962,0.15890534429217482,0.15469424943792237
"green tea, spaghetti",ground beef,0.026529796027196375,0.09825356619117451,0.006399146780429276,0.24120603015075376,2.454934100625243,1.0,0.003792499710432779,1.1883943068076572,0.6088086597279285,0.05405405405405406,0.15852844946197575,0.1531674655502751
"chicken, spaghetti",milk,0.01719770697240368,0.12958272230369283,0.005465937874950006,0.3178294573643411,2.452714773343542,1.0,0.003237412188084738,1.2759526002593593,0.602652753331657,0.038679245283018866,0.21627182718485566,0.18000526366159442
"soup, spaghetti",milk,0.014264764698040262,0.12958272230369283,0.004532728969470737,0.3177570093457944,2.452155686319757,1.0,0.002684261926877065,1.2758171056644503,0.6007653264172859,0.03253588516746412,0.21618859352164246,0.17636821660705357
"chocolate, olive oil",milk,0.01639781362485002,0.12958272230369283,0.005199306759098787,0.3170731707317073,2.4468784502659844,1.0,0.003074433429762136,1.2745395851981642,0.6011739683466439,0.03693181818181819,0.21540294894448409,0.1785983137609154
shrimp,frozen vegetables,0.07145713904812692,0.09532062391681109,0.01666444474070124,0.23320895522388058,2.44657394843962,1.0,0.009853105663323458,1.1798251717289276,0.6367666905958362,0.11101243339253997,0.1524167953336764,0.2040170650245277
"milk, spaghetti",frozen vegetables,0.03546193840821224,0.09532062391681109,0.008265564591387815,0.23308270676691728,2.4452494873547503,1.0,0.004885310497017497,1.1796309511672953,0.6127739260316115,0.06746463547334058,0.15227724483622848,0.159897996740102
cider,milk,0.010531929076123183,0.12958272230369283,0.003332888948140248,0.31645569620253167,2.4421133510444344,1.0,0.0019681329073467898,1.2733882395927456,0.596804095931016,0.02436647173489279,0.21469354835582632,0.1710879304057926
"pancakes, shrimp",milk,0.010531929076123183,0.12958272230369283,0.003332888948140248,0.31645569620253167,2.4421133510444344,1.0,0.0019681329073467898,1.2733882395927456,0.596804095931016,0.02436647173489279,0.21469354835582632,0.1710879304057926
"olive oil, soup",mineral water,0.008932142381015865,0.23836821757099053,0.005199306759098787,0.582089552238806,2.44197635981168,1.0,0.003070167900645732,1.8224760508122728,0.5958175534446721,0.021475770925110136,0.45129594457260347,0.30195081638785937
"cooking oil, mineral water",pancakes,0.020130649246767097,0.09505399280095987,0.004666044527396347,0.2317880794701987,2.4384886172594116,1.0,0.0027525459388154996,1.1779900610953025,0.6020291545189504,0.04221954161640531,0.15109640307984093,0.14043821925824101
"green tea, milk",burgers,0.01759765364618051,0.0871883748833489,0.0037328356219170776,0.2121212121212121,2.432907052173107,1.0,0.0021985247987465597,1.1585686011095957,0.5995192214489269,0.036939313984168866,0.13686595766338716,0.12746733388935222
"milk, turkey",spaghetti,0.011331822423676844,0.17411011865084655,0.004799360085321957,0.4235294117647058,2.432537609224394,1.0,0.0028263751386052582,1.432666120707715,0.5956565384154381,0.026568265682656824,0.30200066467264863,0.22554724799567605
"frozen smoothie, spaghetti",pancakes,0.01559792027729636,0.09505399280095987,0.0035995200639914677,0.23076923076923075,2.4277699859747544,1.0,0.0021168754622433936,1.1764298093587522,0.5974178403755869,0.033623910336239106,0.14997053624042428,0.13431869673103894
"eggs, olive oil",spaghetti,0.011998400213304892,0.17411011865084655,0.005065991201173177,0.4222222222222222,2.4250297770971585,1.0,0.0029769483164143193,1.4294247946427656,0.5947702206535094,0.027982326951399118,0.30041789973993366,0.22565935000850773
"escalope, spaghetti",ground beef,0.013998133582189041,0.09825356619117451,0.003332888948140248,0.2380952380952381,2.423273244168767,1.0,0.0019575224036697345,1.1835421943740836,0.5956733369388859,0.030599755201958387,0.15507870800597,0.13600827033662855
"milk, olive oil",spaghetti,0.017064391414478068,0.17411011865084655,0.007199040127982935,0.421875,2.4230355091883613,1.0,0.004227956914103672,1.4285662812525897,0.5974903426415701,0.0391304347826087,0.2999974778046812,0.23161131316998468
"olive oil, spaghetti",milk,0.022930275963204905,0.12958272230369283,0.007199040127982935,0.313953488372093,2.4228036175710597,1.0,0.0042276725454959115,1.2687438285064816,0.6010369763951425,0.04954128440366973,0.21181882620295142,0.1847545219638243
ham,burgers,0.026529796027196375,0.0871883748833489,0.005599253432875617,0.21105527638190955,2.420681388594348,1.0,0.003286163631277639,1.1570032700523158,0.6028876628712291,0.051787916152897656,0.13569820770274624,0.13763772993407403
"escalope, milk",chocolate,0.007732302359685375,0.1638448206905746,0.0030662578322890282,0.39655172413793105,2.4202884318621813,1.0,0.0017993601386410711,1.3856285828556192,0.5913989800746543,0.018196202531645573,0.27830588054187194,0.2076330630453691
"milk, mineral water",frozen vegetables,0.04799360085321957,0.09532062391681109,0.011065191307825623,0.23055555555555557,2.418737373737374,1.0,0.0064904113304823366,1.175756589855408,0.6161315194962739,0.08366935483870967,0.14948382290336315,0.1733197358197358
"frozen vegetables, olive oil",mineral water,0.011331822423676844,0.23836821757099053,0.006532462338354886,0.5764705882352941,2.4184037373338594,1.0,0.0038313160253920548,1.7982972640684944,0.593226449155714,0.0268640350877193,0.44391841105425184,0.3019377549677589
"honey, mineral water",frozen vegetables,0.015064658045593921,0.09532062391681109,0.0034662045060658577,0.23008849557522124,2.4138374899436847,1.0,0.002030231902066437,1.175043327556326,0.5946805630752571,0.03241895261845386,0.14896755162241887,0.1332260659694288
"fresh bread, mineral water",frozen vegetables,0.013331555792560993,0.09532062391681109,0.0030662578322890282,0.22999999999999998,2.412909090909091,1.0,0.0017954856163603374,1.1749082806275182,0.5934744423491537,0.02904040404040404,0.14886973180076626,0.13108391608391606
"olive oil, tomatoes",mineral water,0.007199040127982935,0.23836821757099053,0.0041327822956939075,0.5740740740740741,2.4083499047145582,1.0,0.00241675993216458,1.7881789674420223,0.5890183100360831,0.017117614577581448,0.4407718588534272,0.29570594084016905
"milk, tomatoes",spaghetti,0.013998133582189041,0.17411011865084655,0.005865884548726837,0.41904761904761906,2.406796470502443,1.0,0.003428667849841503,1.421613730191166,0.5928081518265402,0.03218727139722019,0.29657404204619703,0.22636913877342668
"mineral water, turkey",frozen vegetables,0.019197440341287828,0.09532062391681109,0.004399413411545127,0.22916666666666669,2.404166666666667,1.0,0.0025695014206078125,1.1736381095133264,0.5954872910153595,0.039951573849878935,0.14794859514687103,0.13766025641025642
"eggs, olive oil",milk,0.011998400213304892,0.12958272230369283,0.0037328356219170776,0.3111111111111111,2.4008687700045725,1.0,0.0021780502589878207,1.2635089514946394,0.5905700021204001,0.02707930367504836,0.20855329214955498,0.1699588477366255
"burgers, pancakes",spaghetti,0.010531929076123183,0.17411011865084655,0.004399413411545127,0.4177215189873418,2.3991800259755367,1.0,0.0025656979904790196,1.4183761005778939,0.5893984305463692,0.02440828402366864,0.2949683799715982,0.22149475643088376
"cake, spaghetti",pancakes,0.018130915877882948,0.09505399280095987,0.0041327822956939075,0.22794117647058826,2.3980179028132995,1.0,0.002409366348362813,1.1721205426578045,0.5937542430414121,0.037897310513447434,0.14684542791777877,0.13570971867007675
"ground beef, mineral water",spaghetti,0.040927876283162246,0.17411011865084655,0.017064391414478068,0.41693811074918563,2.3946805273580716,1.0,0.009938434018689522,1.416470355163073,0.6072616937725882,0.08619528619528619,0.2940198173897726,0.2574736495552973
fresh tuna,pancakes,0.022263698173576856,0.09505399280095987,0.005065991201173177,0.2275449101796407,2.3938490480469636,1.0,0.002949737795259259,1.1715192496297653,0.5955212205588967,0.04513064133016627,0.14640753848813862,0.14042042142923128
"ground beef, low fat yogurt",spaghetti,0.009598720170643914,0.17411011865084655,0.003999466737768298,0.41666666666666674,2.393121490556407,1.0,0.002328232429961212,1.4158112251699775,0.5877776282137569,0.02225519287833828,0.29369114877589464,0.21981878509443598
"frozen vegetables, mineral water",milk,0.03572856952406346,0.12958272230369283,0.011065191307825623,0.3097014925373134,2.3899906332534853,1.0,0.006435386004880725,1.2609288130951908,0.6031375606115877,0.07173725151253242,0.2069338176631012,0.19754621951968548
"chocolate, spaghetti",ground beef,0.03919477403012932,0.09825356619117451,0.009198773496867084,0.2346938775510204,2.3886550549663554,1.0,0.005347747172349646,1.1782820068435318,0.6050699501088916,0.07172557172557174,0.1513067379524252,0.16415833633317642
"mineral water, olive oil",milk,0.027596320490601255,0.12958272230369283,0.008532195707239034,0.3091787439613526,2.3859565416194504,1.0,0.004956189372501743,1.2599746607212277,0.5973659857417054,0.057399103139013447,0.20633324528321426,0.1875111826802648
"chicken, chocolate",milk,0.014664711371817091,0.12958272230369283,0.004532728969470737,0.3090909090909091,2.3852787130564908,1.0,0.0026324357481127564,1.259814480876234,0.5894052384855986,0.03244274809160305,0.20623233406201702,0.17203516647961092
rice,ground beef,0.018797493667511,0.09825356619117451,0.004399413411545127,0.23404255319148934,2.3820260400127022,1.0,0.0025524926232561515,1.1772800663615222,0.591304347826087,0.03905325443786982,0.15058444581451236,0.1394093362972372
"spaghetti, turkey",pancakes,0.01653112918277563,0.09505399280095987,0.0037328356219170776,0.22580645161290322,2.375559878749491,1.0,0.002161485787585785,1.1688885926320935,0.5887797982145277,0.034610630407911,0.1444864751839109,0.13253856942496495
"spaghetti, whole wheat rice",frozen vegetables,0.014131449140114652,0.09532062391681109,0.003199573390214638,0.22641509433962265,2.3753001715265865,1.0,0.001852554841330226,1.1694635837172929,0.5872999774622493,0.0301129234629862,0.14490710619533,0.1299907639530281
"frozen smoothie, frozen vegetables",spaghetti,0.009998666844420743,0.17411011865084655,0.0041327822956939075,0.4133333333333334,2.3739765186319555,1.0,0.0023919132250615266,1.4077668432087842,0.5846111743395047,0.022962962962962963,0.28965509819747115,0.21853496681980605
"frozen vegetables, tomatoes",spaghetti,0.0161311825089988,0.17411011865084655,0.006665777896280496,0.41322314049586784,2.373343626998089,1.0,0.0038571757956602547,1.4075024738485573,0.5881409214092141,0.03631082062454612,0.28952167503785387,0.2257539898497716
"cake, tomatoes",spaghetti,0.008398880149313425,0.17411011865084655,0.0034662045060658577,0.4126984126984127,2.370329857313012,1.0,0.0020038744867346575,1.406244933108018,0.5830144579808467,0.0193596425912137,0.2888863266587237,0.21630326454216192
"low fat yogurt, milk",ground beef,0.013198240234635382,0.09825356619117451,0.0030662578322890282,0.23232323232323232,2.3645272261283115,1.0,0.0017694836617882582,1.174643380882549,0.5848008176403557,0.02829028290282903,0.14867778912722734,0.1317654153475049
"chocolate, turkey",milk,0.011331822423676844,0.12958272230369283,0.0034662045060658577,0.30588235294117644,2.3605180343742433,1.0,0.001997796107743782,1.25399099329129,0.5829702929217492,0.025218234723569353,0.2025461065112214,0.16631566206729603
"cooking oil, eggs",chocolate,0.011731769097453673,0.1638448206905746,0.004532728969470737,0.38636363636363635,2.358107108513943,1.0,0.002610539365315216,1.3626232551709154,0.5827679513731838,0.026500389711613406,0.2661214343692022,0.20701420223389302
"ground beef, mineral water",frozen vegetables,0.040927876283162246,0.09532062391681109,0.009198773496867084,0.2247557003257329,2.3578916197808706,1.0,0.005297502793966003,1.1669603716703318,0.6004681840341991,0.07240293809024134,0.1430728718159921,0.1606295984146147
"milk, soup",mineral water,0.015197973603519531,0.23836821757099053,0.008532195707239034,0.5614035087719298,2.3551944738804504,1.0,0.004909481828677119,1.7365204639381415,0.5842865845404088,0.03482045701849836,0.4241357814280142,0.29859884610855997
"burgers, milk",ground beef,0.01786428476203173,0.09825356619117451,0.0041327822956939075,0.23134328358208953,2.354553555155025,1.0,0.0023775526103696327,1.1731458459260449,0.5857551329599741,0.036904761904761905,0.14759106595938107,0.13670284938941654
"milk, mineral water",ground beef,0.04799360085321957,0.09825356619117451,0.011065191307825623,0.23055555555555557,2.3465362581034226,1.0,0.0063496488696410044,1.1719448237226613,0.6027690090989922,0.08185404339250493,0.14671750772061243,0.1715871400572893
"chocolate, shrimp",milk,0.017997600319957337,0.12958272230369283,0.005465937874950006,0.3037037037037037,2.3437052278616064,1.0,0.003133759830556121,1.250067366904271,0.5838327715343403,0.03846153846153846,0.20004311249524911,0.17294238683127572
"cooking oil, milk",chocolate,0.011465137981602452,0.1638448206905746,0.004399413411545127,0.38372093023255816,2.341977784926297,1.0,0.002520909934756777,1.3567801022756714,0.5796563068309528,0.025741029641185645,0.2629608892975795,0.2052860143432929
"cookies, spaghetti",chocolate,0.007998933475536596,0.1638448206905746,0.0030662578322890282,0.3833333333333333,2.339612150800108,1.0,0.0017556740112739,1.355927317799068,0.577195678467714,0.018167456556082148,0.2624973426870748,0.20102386764307023
"olive oil, shrimp",mineral water,0.008132249033462205,0.23836821757099053,0.004532728969470737,0.5573770491803278,2.338302710235816,1.0,0.0025942592625209406,1.7207236565988733,0.5770319418089817,0.018732782369146005,0.41884915909358283,0.2881963545677925
light cream,pancakes,0.01559792027729636,0.09505399280095987,0.0034662045060658577,0.2222222222222222,2.3378525790868006,1.0,0.001983559904317783,1.1635020092559087,0.581324485373781,0.03233830845771144,0.1405257644208734,0.1293439301854449
"grated cheese, green tea",spaghetti,0.007865617917610986,0.17411011865084655,0.003199573390214638,0.4067796610169492,2.3363355568821866,1.0,0.0018300897213171649,1.3922143714171444,0.5765139299471468,0.01789709172259508,0.2817198123144691,0.21257819191735666
"frozen smoothie, mineral water",milk,0.020263964804692707,0.12958272230369283,0.0061325156645780565,0.3026315789473684,2.3354315572882824,1.0,0.0035066559405197563,1.248145530281497,0.5836404834730546,0.04267161410018554,0.19881137596633644,0.17497834091401343
"ham, mineral water",spaghetti,0.009198773496867084,0.17411011865084655,0.0037328356219170776,0.40579710144927533,2.3306922342810217,1.0,0.002131236076935287,1.3899122393436973,0.5762436567737966,0.020786933927245732,0.2805301142810354,0.21361830570166676
"hot dogs, mineral water",spaghetti,0.009198773496867084,0.17411011865084655,0.0037328356219170776,0.40579710144927533,2.3306922342810217,1.0,0.002131236076935287,1.3899122393436973,0.5762436567737966,0.020786933927245732,0.2805301142810354,0.21361830570166676
"eggs, shrimp",milk,0.014131449140114652,0.12958272230369283,0.004266097853619517,0.3018867924528302,2.329683981675596,1.0,0.0024349062039472815,1.2468139383217371,0.5789384719405004,0.03059273422562141,0.1979557099385326,0.16740430157620934
"milk, whole wheat pasta",spaghetti,0.009865351286495135,0.17411011865084655,0.003999466737768298,0.40540540540540543,2.3284425313521795,1.0,0.002281809254744348,1.3889966186326672,0.5762129168349713,0.022222222222222227,0.28005584276770723,0.21418815446380532
"herb & pepper, spaghetti",pancakes,0.01626449806692441,0.09505399280095987,0.0035995200639914677,0.22131147540983606,2.3282712160577566,1.0,0.002053514581826809,1.1621411881924517,0.5799290278216962,0.03341584158415842,0.1395193543089541,0.1295898190513416
"french fries, spaghetti",burgers,0.027596320490601255,0.0871883748833489,0.005599253432875617,0.20289855072463767,2.3271284846873197,1.0,0.003193175096540032,1.145163675146344,0.5864702886912923,0.05128205128205129,0.12676238191697198,0.1335593671054381
"chicken, french fries",milk,0.011065191307825623,0.12958272230369283,0.003332888948140248,0.30120481927710846,2.324421141355546,1.0,0.0018990313356610448,1.2455971387723015,0.5761606902129954,0.024271844660194174,0.1971722085154833,0.163462491943081
"olive oil, spaghetti",pancakes,0.022930275963204905,0.09505399280095987,0.005065991201173177,0.22093023255813954,2.3242604129293194,1.0,0.0028863769148426747,1.1615724868524993,0.5831268716203115,0.044864226682408505,0.13909806635512736,0.1371130826184807
soup,milk,0.05052659645380616,0.12958272230369283,0.015197973603519531,0.3007915567282322,2.3212319619531585,1.0,0.008650599686295217,1.2448609367807564,0.5994841780103165,0.0921584478577203,0.19669742181321334,0.2090377536727581
"french fries, frozen vegetables",milk,0.019064124783362217,0.12958272230369283,0.005732568990801226,0.3006993006993007,2.3205200149644596,1.0,0.0032621878030358515,1.2446967071057191,0.5801216205111348,0.04011194029850746,0.19659143123685932,0.17246899191343634
"french fries, ground beef",spaghetti,0.01386481802426343,0.17411011865084655,0.005599253432875617,0.40384615384615385,2.319486983154671,1.0,0.003185248321598715,1.3853636719405154,0.5768683571847016,0.030701754385964914,0.2781678773204197,0.21800270938862057
"ground beef, spaghetti",frozen vegetables,0.03919477403012932,0.09532062391681109,0.008665511265164644,0.22108843537414966,2.3194186765615337,1.0,0.004929440950334294,1.1614660985522165,0.5920632718190648,0.06885593220338984,0.13901920921625355,0.15599876314162028
"chocolate, soup",mineral water,0.010131982402346354,0.23836821757099053,0.005599253432875617,0.5526315789473685,2.3183945602260687,1.0,0.0031841108471676737,1.7024710430766097,0.5744877344877345,0.02305159165751921,0.4126184970565746,0.28806075591663727
"frozen smoothie, ground beef",spaghetti,0.007598986801759766,0.17411011865084655,0.0030662578322890282,0.40350877192982454,2.3175492329598884,1.0,0.0017431973386084186,1.3845800952029923,0.5728628834427494,0.017164179104477612,0.27775937017685454,0.2105598989817576
"french wine, mineral water",spaghetti,0.008265564591387815,0.17411011865084655,0.003332888948140248,0.40322580645161293,2.315924023119103,1.0,0.0018937705164174797,1.3839235849634464,0.5729425998118026,0.0186150409530901,0.27741675128225163,0.2111841130267253
"escalope, ground beef",spaghetti,0.008265564591387815,0.17411011865084655,0.003332888948140248,0.40322580645161293,2.315924023119103,1.0,0.0018937705164174797,1.3839235849634464,0.5729425998118026,0.0186150409530901,0.27741675128225163,0.2111841130267253
"fresh bread, mineral water",milk,0.013331555792560993,0.12958272230369283,0.003999466737768298,0.3,2.3151234567901233,1.0,0.0022719274456246795,1.2434532538518674,0.5757330090528308,0.02879078694817659,0.1957880226680962,0.1654320987654321
"burgers, turkey",milk,0.010665244634048793,0.12958272230369283,0.003199573390214638,0.3,2.3151234567901233,1.0,0.0018175419564997433,1.2434532538518674,0.5741813771728879,0.02334630350194553,0.1957880226680962,0.16234567901234567
"eggs, ground beef",frozen vegetables,0.019997333688841486,0.09532062391681109,0.004399413411545127,0.22000000000000003,2.3080000000000003,1.0,0.0024932550876520915,1.1598453539528062,0.5782886682084071,0.039663461538461536,0.13781609195402303,0.1330769230769231
black tea,milk,0.014264764698040262,0.12958272230369283,0.004266097853619517,0.29906542056074764,2.3079112341833006,1.0,0.002417630811025845,1.241795316180065,0.574908709764674,0.030563514804202482,0.19471430841264636,0.16599361563016807
"low fat yogurt, spaghetti",pancakes,0.015197973603519531,0.09505399280095987,0.003332888948140248,0.2192982456140351,2.307091360940922,1.0,0.0018882608746421245,1.1591443238279842,0.5752971436307026,0.031172069825436414,0.13729465827207973,0.1271806796092616
"mineral water, salmon",ground beef,0.017064391414478068,0.09825356619117451,0.0038661511798426876,0.22656250000000003,2.3058959464043425,1.0,0.002189513868488157,1.1658943790659562,0.576160922658161,0.034688995215311,0.14228937204316977,0.13295560549525104
"mineral water, soup",frozen vegetables,0.023063591521130515,0.09532062391681109,0.005065991201173177,0.21965317919075145,2.3043615344193378,1.0,0.0028675552676165417,1.1593298671288272,0.5794034417375316,0.04470588235294117,0.13743272872234402,0.1364000161688023
"burgers, spaghetti",milk,0.021463804826023197,0.12958272230369283,0.006399146780429276,0.2981366459627329,2.300743807990185,1.0,0.00361780852007805,1.2401520505230572,0.5777588555858311,0.04423963133640553,0.19364726318983913,0.17375968100605782
"ground beef, herb & pepper",spaghetti,0.015997866951073192,0.17411011865084655,0.006399146780429276,0.39999999999999997,2.29739663093415,1.0,0.0036137562674174663,1.3764831355819223,0.5739059748001626,0.03483309143686502,0.2735108958837772,0.21837672281776416
green beans,spaghetti,0.008665511265164644,0.17411011865084655,0.0034662045060658577,0.39999999999999997,2.29739663093415,1.0,0.001957451311517794,1.3764831355819223,0.5696611081226466,0.01933085501858736,0.2735108958837772,0.20995405819295557
"eggs, ground beef",burgers,0.019997333688841486,0.0871883748833489,0.003999466737768298,0.20000000000000004,2.29388379204893,1.0,0.0022559317114381645,1.141014531395814,0.5755679499387839,0.03875968992248062,0.1235869723966701,0.12293577981651378
"burgers, french fries",eggs,0.021997067057725635,0.17970937208372217,0.009065457938941474,0.4121212121212121,2.293264994155202,1.0,0.00511237883031407,1.395339727898823,0.5766245429469498,0.047058823529411764,0.2833286546597127,0.23128315798938942
"mineral water, whole wheat rice",frozen vegetables,0.020130649246767097,0.09532062391681109,0.004399413411545127,0.2185430463576159,2.2927152317880797,1.0,0.0024805473654928045,1.1576829304115384,0.5754195011337868,0.03961584633853541,0.1362056278703915,0.13234844625573103
spaghetti,ground beef,0.17411011865084655,0.09825356619117451,0.03919477403012932,0.22511485451761104,2.2911621760333793,1.0,0.022087833962715117,1.1637162475833263,0.6823431228827286,0.16809605488850773,0.1406839922732999,0.31201468641755725
ground beef,spaghetti,0.09825356619117451,0.17411011865084655,0.03919477403012932,0.3989145183175034,2.291162176033379,1.0,0.022087833962715117,1.3739973872558149,0.6249431765609852,0.16809605488850773,0.2721965781920247,0.31201468641755725
"chocolate, ground beef",spaghetti,0.023063591521130515,0.17411011865084655,0.009198773496867084,0.3988439306358382,2.290756756278271,1.0,0.005183168840608392,1.3738360526288804,0.5767653154863617,0.04893617021276596,0.2721111095560004,0.22583850436845507
"frozen vegetables, spaghetti",milk,0.027862951606452472,0.12958272230369283,0.008265564591387815,0.2966507177033493,2.2892767834288303,1.0,0.0046550074708076525,1.2375320478811442,0.579322456779856,0.05540661304736372,0.19194011847033587,0.18021836296690097
"mineral water, salmon",spaghetti,0.017064391414478068,0.17411011865084655,0.006799093454206106,0.39843750000000006,2.2884224253445637,1.0,0.0038280102403268424,1.372907854710281,0.572792089845568,0.0368763557483731,0.2716189971751413,0.21874401799387444
"cooking oil, eggs",mineral water,0.011731769097453673,0.23836821757099053,0.006399146780429276,0.5454545454545454,2.2882855399633923,1.0,0.0036026658917148163,1.6755899213438208,0.5696748954539324,0.026258205689277902,0.4031952643890329,0.286150091519219
"cake, green tea",pancakes,0.014131449140114652,0.09505399280095987,0.0030662578322890282,0.2169811320754717,2.2827145465611687,1.0,0.0017230071674574395,1.1557141778686537,0.5699797160243407,0.02889447236180905,0.1347341590598281,0.12461959829580037
"eggs, soup",mineral water,0.009065457938941474,0.23836821757099053,0.004932675643247567,0.5441176470588236,2.2826769969732865,1.0,0.002771758592877303,1.6706761679087954,0.5670585155315413,0.02034084661902144,0.40143995634311846,0.28240557968153707
"ground beef, soup",spaghetti,0.009732035728569524,0.17411011865084655,0.0038661511798426876,0.3972602739726027,2.2816610375715873,1.0,0.0021717052844271697,1.37022639405655,0.5672432362171095,0.02148148148148148,0.2701935940384977,0.2097327403553672
"frozen smoothie, pancakes",spaghetti,0.009065457938941474,0.17411011865084655,0.0035995200639914677,0.3970588235294118,2.2805040086478696,1.0,0.0020211321066181086,1.369768583701035,0.5666372682382368,0.0200445434298441,0.26994967478516835,0.20886631834969824
"mineral water, tomatoes",ground beef,0.024396747100386616,0.09825356619117451,0.005465937874950006,0.2240437158469945,2.2802603969719213,1.0,0.003068870468872825,1.1621098407536272,0.5754937707890334,0.04664391353811149,0.13949614319460465,0.13983732603747284
"frozen vegetables, ground beef",mineral water,0.01693107585655246,0.23836821757099053,0.009198773496867084,0.5433070866141732,2.2792765417745597,1.0,0.005162943123381443,1.667710971870417,0.5709307673258571,0.03737811484290358,0.40037571445701253,0.2909488453205094
"cookies, green tea",french fries,0.011998400213304892,0.1709105452606319,0.004666044527396347,0.3888888888888889,2.2753943491072977,1.0,0.002615391404685126,1.3566918350280568,0.5673227056306264,0.026178010471204192,0.26291293705669005,0.20809499046628532
"milk, turkey",mineral water,0.011331822423676844,0.23836821757099053,0.0061325156645780565,0.5411764705882353,2.270338202395052,1.0,0.0034313693516152253,1.659966705293995,0.5659502368556821,0.025177887246852767,0.39757827864210615,0.28345176996973287
"eggs, ground beef",milk,0.019997333688841486,0.12958272230369283,0.005865884548726837,0.29333333333333333,2.2636762688614542,1.0,0.003274575610511409,1.2317225627777932,0.5696318373505151,0.04081632653061225,0.18812886097922094,0.16930041152263375
"soup, tomatoes",mineral water,0.006932409012131715,0.23836821757099053,0.0037328356219170776,0.5384615384615384,2.2589485458612977,1.0,0.0020803696422221694,1.6502021952628538,0.5612066816255299,0.01545253863134658,0.39401365307194114,0.27706074685940457
"chicken, mineral water",milk,0.022796960405279298,0.12958272230369283,0.006665777896280496,0.29239766081871343,2.256455610906553,1.0,0.003711685706714908,1.230093838727839,0.5698171896316508,0.04574565416285454,0.18705389091762437,0.1719189950184102
"frozen smoothie, milk",spaghetti,0.014264764698040262,0.17411011865084655,0.005599253432875617,0.3925233644859813,2.254454637832577,1.0,0.003115613558773419,1.3595418046824526,0.5644860053840308,0.03063457330415755,0.26445807215647227,0.2123413147085343
cider,eggs,0.010531929076123183,0.17970937208372217,0.004266097853619517,0.4050632911392405,2.2539909101153137,1.0,0.0023734114925191233,1.3787863745826796,0.56226421449744,0.02293906810035842,0.2747244834772376,0.21440108177140066
"mineral water, pancakes",ground beef,0.03372883615517931,0.09825356619117451,0.007465671243834155,0.22134387351778653,2.2527820831165766,1.0,0.004151692808109965,1.1580804454499127,0.5755159058656575,0.05995717344753747,0.1365021282165755,0.14866379564627455
"chocolate, cookies",french fries,0.010398613518197574,0.1709105452606319,0.003999466737768298,0.38461538461538464,2.2503900156006242,1.0,0.0022222340314185726,1.3472703639514731,0.5614711033274956,0.022556390977443615,0.25775848207107255,0.20400816032641306
"spaghetti, turkey",milk,0.01653112918277563,0.12958272230369283,0.004799360085321957,0.29032258064516125,2.240442054958184,1.0,0.00265721136306387,1.2264970731175238,0.5629659753287244,0.033962264150943396,0.18466988473263204,0.16367980884109914
"chicken, soup",mineral water,0.005999200106652446,0.23836821757099053,0.003199573390214638,0.5333333333333334,2.2374347501864285,1.0,0.0017695547539401985,1.6320681052050208,0.5563975321888412,0.01326699834162521,0.3872804714394073,0.27337807606263986
"frozen vegetables, herb & pepper",mineral water,0.005999200106652446,0.23836821757099053,0.003199573390214638,0.5333333333333334,2.2374347501864285,1.0,0.0017695547539401985,1.6320681052050208,0.5563975321888412,0.01326699834162521,0.3872804714394073,0.27337807606263986
"mineral water, soup",ground beef,0.023063591521130515,0.09825356619117451,0.005065991201173177,0.21965317919075145,2.235574622944134,1.0,0.0027999110850455687,1.1555713559179763,0.5657356067570674,0.04357798165137615,0.13462721719542084,0.13560677955467015
"low fat yogurt, spaghetti",milk,0.015197973603519531,0.12958272230369283,0.004399413411545127,0.2894736842105263,2.2338910547974877,1.0,0.002430018618501402,1.2250317241651731,0.560874755405688,0.03133903133903134,0.18369460947513525,0.16171215074723846
"pancakes, turkey",spaghetti,0.009598720170643914,0.17411011865084655,0.0037328356219170776,0.3888888888888889,2.233580057852646,1.0,0.0020616013141099916,1.3514561694804328,0.5576409053323846,0.02074074074074074,0.26005739395569905,0.20516419942147354
"burgers, mineral water",ground beef,0.024396747100386616,0.09825356619117451,0.005332622317024397,0.2185792349726776,2.2246442897287038,1.0,0.0029355549109472156,1.1539831985105948,0.564255944247062,0.045454545454545456,0.1334362568790737,0.136426659548754
"eggs, salmon",spaghetti,0.008265564591387815,0.17411011865084655,0.003199573390214638,0.3870967741935484,2.2232870621943386,1.0,0.0017604549584918697,1.347504543253882,0.5548012725724784,0.01785714285714286,0.25788747428987996,0.20273674850565626
"chicken, pancakes",mineral water,0.009065457938941474,0.23836821757099053,0.004799360085321957,0.5294117647058824,2.2209830240821162,1.0,0.0026384430349516924,1.6184675376616453,0.5547782411767345,0.01978021978021978,0.3821315678380577,0.2747729964469009
"herb & pepper, mineral water",pancakes,0.017064391414478068,0.09505399280095987,0.0035995200639914677,0.2109375,2.219133502805049,1.0,0.001977481525326908,1.1468622665492787,0.5589111422557781,0.03316953316953317,0.1280557141278727,0.12440283134642356
"avocado, mineral water",milk,0.011598453539528063,0.12958272230369283,0.003332888948140248,0.2873563218390805,2.217551203821958,1.0,0.0018299297639753,1.2213919864448182,0.555495009441597,0.024177949709864605,0.18126202636160865,0.156538243224067
"chicken, eggs",milk,0.01439808025596587,0.12958272230369283,0.0041327822956939075,0.28703703703703703,2.215087258039933,1.0,0.0022670398601787995,1.2208450128727424,0.5565639685316974,0.029551954242135373,0.18089520827306094,0.15946502057613168
"chicken, mineral water",pancakes,0.022796960405279298,0.09505399280095987,0.004799360085321957,0.21052631578947367,2.2148077065032847,1.0,0.002632417975074771,1.1462649424521176,0.5612892223738062,0.04245283018867924,0.12760133982569857,0.13050859968996825
grated cheese,ground beef,0.0523930142647647,0.09825356619117451,0.011331822423676844,0.2162849872773537,2.201294015695292,1.0,0.006184021928658635,1.1506050275547675,0.5758946009467377,0.0813397129186603,0.13089202980003403,0.16580870802130915
"eggs, herb & pepper",spaghetti,0.012531662445007332,0.17411011865084655,0.004799360085321957,0.3829787234042553,2.1996350721709947,1.0,0.0026174708501293725,1.3385111870141453,0.5523003765207086,0.026392961876832842,0.2529012759088489,0.2052719038154508
"mineral water, tomatoes",spaghetti,0.024396747100386616,0.17411011865084655,0.009332089054792695,0.38251366120218583,2.1969639913304717,1.0,0.005084368522449685,1.337503082184912,0.5584507867098739,0.04933051444679352,0.2523381715379493,0.21805621804366565
"cake, chocolate",spaghetti,0.013598186908412212,0.17411011865084655,0.005199306759098787,0.3823529411764706,2.1960408972164673,1.0,0.0028317248230387486,1.3371550459938675,0.5521432210173931,0.02848794740686633,0.25214356929212367,0.20610755787766868
"soup, spaghetti",mineral water,0.014264764698040262,0.23836821757099053,0.007465671243834155,0.5233644859813084,2.1956135399025696,1.0,0.004065404708692709,1.5979333474490982,0.5524266780014683,0.03045133224578575,0.3741916697612102,0.2773421982479249
"burgers, mineral water",milk,0.024396747100386616,0.12958272230369283,0.006932409012131715,0.28415300546448086,2.192830960894106,1.0,0.003771012107508893,1.2159264260948413,0.557571425568146,0.0471441523118767,0.1775818186535566,0.16882547392565606
"olive oil, pancakes",milk,0.010798560191974404,0.12958272230369283,0.0030662578322890282,0.2839506172839506,2.1912691154803636,1.0,0.0016669510056526971,1.215582749886222,0.5495781085198641,0.022330097087378646,0.17734930008376681,0.1538065843621399
"cake, soup",mineral water,0.0061325156645780565,0.23836821757099053,0.003199573390214638,0.5217391304347826,2.18879486431281,1.0,0.0017377765620229884,1.5925028178061107,0.5464788732394366,0.013259668508287295,0.37205762600933034,0.26758097461336444
tomato sauce,chocolate,0.014131449140114652,0.1638448206905746,0.005065991201173177,0.3584905660377358,2.1879883936932925,1.0,0.002750626450713117,1.3034183677470452,0.5507419664780613,0.029298380878951424,0.23278662880246434,0.19470500637118687
"french fries, spaghetti",pancakes,0.027596320490601255,0.09505399280095987,0.005732568990801226,0.2077294685990338,2.185383932624618,1.0,0.003109428541554633,1.1422184359158618,0.5578079466397995,0.04903078677309008,0.12451071655293937,0.13401901199937666
"mineral water, shrimp",ground beef,0.023596853752832957,0.09825356619117451,0.005065991201173177,0.21468926553672316,2.1850531625386167,1.0,0.0027475161690657395,1.148267041612677,0.5554521544166259,0.04337899543378995,0.1291224395019161,0.13312482272765602
"burgers, olive oil",mineral water,0.006399146780429276,0.23836821757099053,0.003332888948140248,0.5208333333333334,2.1849948732289337,1.0,0.0018075357361141788,1.58949241550402,0.5458258419428418,0.013804527885146328,0.37086834121010565,0.2674077181208054
olive oil,ground beef,0.0658578856152513,0.09825356619117451,0.014131449140114652,0.2145748987854251,2.183889166607156,1.0,0.007660677016605759,1.1480998409834016,0.5803199495921868,0.09422222222222223,0.12899561144137695,0.17920061085811284
"ground beef, soup",mineral water,0.009732035728569524,0.23836821757099053,0.005065991201173177,0.5205479452054794,2.1837976157641505,1.0,0.0027461831912168632,1.5885462890662199,0.5474095173312927,0.020844761382336808,0.37049363504048677,0.27090037081303053
"burgers, pancakes",eggs,0.010531929076123183,0.17970937208372217,0.0041327822956939075,0.3924050632911393,2.1835536941742104,1.0,0.002240095934593514,1.3500616584455407,0.5478003494406342,0.022206303724928367,0.25929308950866825,0.2077010479660444
"cereals, spaghetti",mineral water,0.006665777896280496,0.23836821757099053,0.0034662045060658577,0.5199999999999999,2.181498881431767,1.0,0.0018772949102053688,1.5867328800604361,0.5452339902749244,0.014348785871964679,0.3697741991948187,0.2672706935123042
"chicken, milk",pancakes,0.014798026929742702,0.09505399280095987,0.0030662578322890282,0.2072072072072072,2.179889566986341,1.0,0.0016596462870408551,1.1414659863533347,0.5493910690121786,0.02871410736579276,0.12393359771085168,0.11973263586166812
body spray,french fries,0.011465137981602452,0.1709105452606319,0.004266097853619517,0.37209302325581395,2.17712150346479,1.0,0.002306584869695461,1.3204017242145492,0.546948752528658,0.02395209580838323,0.24265473025275133,0.19852701084787577
light cream,ground beef,0.01559792027729636,0.09825356619117451,0.003332888948140248,0.2136752136752137,2.174732398612996,1.0,0.0018003376557302472,1.146786225604702,0.5487323943661973,0.030156815440289506,0.1279978973651357,0.12379825812661635
"chicken, chocolate",mineral water,0.014664711371817091,0.23836821757099053,0.007598986801759766,0.5181818181818182,2.1738712629652226,1.0,0.0041033856908666904,1.5807452088149254,0.5480278290096775,0.030961434003259104,0.36738698025237493,0.27503050640634535
"escalope, milk",mineral water,0.007732302359685375,0.23836821757099053,0.003999466737768298,0.5172413793103449,2.1699259430687343,1.0,0.002156331606570131,1.5776658350315198,0.5433561735859197,0.01651982378854626,0.36615221183386953,0.2670099514001389
"cooking oil, mineral water",spaghetti,0.020130649246767097,0.17411011865084655,0.007598986801759766,0.3774834437086093,2.16807297952395,1.0,0.004094037072886572,1.3266954476991721,0.5498293352428691,0.04071428571428572,0.24624750787058572,0.2105640802003996
blueberries,spaghetti,0.009198773496867084,0.17411011865084655,0.0034662045060658577,0.37681159420289856,2.164214217546663,1.0,0.001864604961084067,1.3252651584439903,0.5429328475614804,0.019273535952557447,0.2454340222947445,0.19835985529440486
"french fries, olive oil",spaghetti,0.009198773496867084,0.17411011865084655,0.0034662045060658577,0.37681159420289856,2.164214217546663,1.0,0.001864604961084067,1.3252651584439903,0.5429328475614804,0.019273535952557447,0.2454340222947445,0.19835985529440486
"spaghetti, tomatoes",milk,0.020930542594320756,0.12958272230369283,0.005865884548726837,0.28025477707006374,2.1627480275746382,1.0,0.0031536478600613553,1.2093408194541613,0.5491186373539315,0.04055299539170507,0.1731032444176058,0.16276113339099896
"frozen vegetables, shrimp",milk,0.01666444474070124,0.12958272230369283,0.004666044527396347,0.28,2.1607818930041156,1.0,0.002506620412216824,1.2089128856893157,0.5463084908583824,0.032956685499058384,0.17281053760147042,0.15800411522633745
"mineral water, whole wheat rice",pancakes,0.020130649246767097,0.09505399280095987,0.0041327822956939075,0.20529801324503313,2.159804203858336,1.0,0.00221928370711306,1.138723725725459,0.5480272108843538,0.03721488595438175,0.12182386525500788,0.12438813705729918
"burgers, spaghetti",pancakes,0.021463804826023197,0.09505399280095987,0.004399413411545127,0.20496894409937888,2.1563422856794405,1.0,0.0023591930621311105,1.1382523996800429,0.5480142019651556,0.039239001189060645,0.12146023124476148,0.12562612702865156
"ground beef, pancakes",mineral water,0.014531395813891481,0.23836821757099053,0.007465671243834155,0.5137614678899083,2.1553270529318804,1.0,0.00400184832485829,1.566374797825699,0.5439374613481757,0.030418250950570346,0.36158319108037845,0.27254068920222485
"frozen vegetables, olive oil",chocolate,0.011331822423676844,0.1638448206905746,0.003999466737768298,0.35294117647058826,2.1541186043172353,1.0,0.0021428063246635327,1.292239822569112,0.5419138798993167,0.023364485981308414,0.22614983493397361,0.1886756329871249
"burgers, chocolate",spaghetti,0.017064391414478068,0.17411011865084655,0.006399146780429276,0.37500000000000006,2.153809341500766,1.0,0.003428063566550013,1.3214238101586455,0.5450065554500656,0.03463203463203463,0.24324051654560136,0.2058767228177642
"chocolate, salmon",spaghetti,0.010665244634048793,0.17411011865084655,0.003999466737768298,0.37500000000000006,2.153809341500766,1.0,0.002142539729093758,1.3214238101586455,0.5414813816646454,0.022123893805309734,0.24324051654560136,0.19898545176110263
"mineral water, whole wheat pasta",spaghetti,0.009598720170643914,0.17411011865084655,0.0035995200639914677,0.375,2.1538093415007658,1.0,0.0019282857561843817,1.3214238101586455,0.5408982815094001,0.01998519615099926,0.2432405165456013,0.19783690658499234
"chocolate, spaghetti",milk,0.03919477403012932,0.12958272230369283,0.010931875749900012,0.2789115646258503,2.152382352117802,1.0,0.005852910230997773,1.2070881115222372,0.5572394047792288,0.06925675675675674,0.1715600622236948,0.1816368522717729
"chocolate, eggs",milk,0.03319557392347687,0.12958272230369283,0.009198773496867084,0.27710843373493976,2.138467450047102,1.0,0.004897200659429474,1.2040772341465582,0.5506546919590398,0.059895833333333336,0.16948849156774135,0.1740480440279637
"chocolate, olive oil",pancakes,0.01639781362485002,0.09505399280095987,0.003332888948140248,0.20325203252032523,2.138279797945245,1.0,0.0017742112898922727,1.1357995804641015,0.5412089997289239,0.03082614056720099,0.11956297818723623,0.11915757306240665
salmon,ground beef,0.04252766297826956,0.09825356619117451,0.008932142381015865,0.21003134796238246,2.137646053006555,1.0,0.004753647831624495,1.1414964777183148,0.5558340295182401,0.06774519716885744,0.12395699897484194,0.15047021943573669
"cereals, milk",mineral water,0.007065724570057326,0.23836821757099053,0.0035995200639914677,0.5094339622641509,2.137172343928074,1.0,0.0019152758923793496,1.5525570949514425,0.5358783864422962,0.014884233737596472,0.3559013042085412,0.2622673167025453
"mineral water, olive oil",spaghetti,0.027596320490601255,0.17411011865084655,0.010265297960271964,0.3719806763285024,2.13646788142427,1.0,0.005460499325326592,1.3150708110713443,0.5470338545468789,0.053621169916434536,0.23958467363036265,0.21546966435108122
"chocolate, frozen smoothie",milk,0.01493134248766831,0.12958272230369283,0.0041327822956939075,0.2767857142857143,2.1359769988242214,1.0,0.002197938288493055,1.2035399395306963,0.5398914690101678,0.029439696106362778,0.16911772750147697,0.15433935920047032
pepper,spaghetti,0.026529796027196375,0.17411011865084655,0.009865351286495135,0.37185929648241206,2.1357707373005916,1.0,0.005246245352417216,1.3148166911078523,0.5462775840754477,0.05171208944793851,0.23943770507095608,0.2142604292519258
"milk, pancakes",ground beef,0.01653112918277563,0.09825356619117451,0.0034662045060658577,0.2096774193548387,2.1340438569615263,1.0,0.0018419621106911558,1.1409852835948404,0.5403384740513655,0.0311377245508982,0.12356450659087005,0.12247778701798923
"burgers, shrimp",chocolate,0.008798826823090255,0.1638448206905746,0.0030662578322890282,0.3484848484848485,2.1269201370910076,1.0,0.0016246156291723872,1.2834009728935367,0.5345399257331657,0.018081761006289308,0.22082028834260978,0.18359962521882783
"eggs, ground beef",mineral water,0.019997333688841486,0.23836821757099053,0.010131982402346354,0.5066666666666667,2.125563012677107,1.0,0.005365253614764888,1.5438482076263709,0.5403418081320838,0.04081632653061225,0.3522679269502305,0.274586129753915
"chicken, milk",spaghetti,0.014798026929742702,0.17411011865084655,0.005465937874950006,0.3693693693693693,2.121469861898652,1.0,0.002889451650414082,1.309625383282229,0.5365688636588666,0.029796511627906978,0.23642286354150754,0.20038146875819154
"burgers, mineral water",frozen vegetables,0.024396747100386616,0.09532062391681109,0.004932675643247567,0.20218579234972678,2.1211127670144063,1.0,0.0026071624880980634,1.133947437145367,0.5417666915343877,0.0429732868757259,0.11812490840190105,0.12696702204898927
bacon,spaghetti,0.008665511265164644,0.17411011865084655,0.003199573390214638,0.36923076923076925,2.1206738131699847,1.0,0.0016908201956665745,1.3093376167730482,0.5330710955710957,0.0178173719376392,0.23625504439063766,0.1938037460242667
cereals,milk,0.025729902679642713,0.12958272230369283,0.007065724570057326,0.2746113989637306,2.119197637476279,1.0,0.003731573736220142,1.1999323899670522,0.5420707211533496,0.04766187050359713,0.16661971260942615,0.164569073967462
"salmon, spaghetti",mineral water,0.013464871350486601,0.23836821757099053,0.006799093454206106,0.504950495049505,2.1183633464017544,1.0,0.0035894960705679184,1.5384962005065992,0.5351430842607313,0.027747551686615884,0.3500146443840953,0.2667369924911954
"chocolate, olive oil",mineral water,0.01639781362485002,0.23836821757099053,0.008265564591387815,0.5040650406504065,2.1146486968225386,1.0,0.004356846985571013,1.5357493317830846,0.5358957318619436,0.03353163872363439,0.34885206895128634,0.2693703279314672
light mayo,pancakes,0.027196373816824423,0.09505399280095987,0.005465937874950006,0.20098039215686272,2.1143813766740918,1.0,0.002880813953953364,1.1325704629975717,0.5417829579145456,0.04680365296803653,0.117052728575225,0.12924194923411159
"chocolate, mineral water",ground beef,0.05265964538061592,0.09825356619117451,0.010931875749900012,0.20759493670886073,2.112848874156261,1.0,0.005757877796891889,1.1379867135926072,0.5559832638855519,0.07809523809523808,0.12125511831063931,0.1594284045823815
"ground beef, milk",mineral water,0.021997067057725635,0.23836821757099053,0.011065191307825623,0.503030303030303,2.1103077757440176,1.0,0.00582178964148601,1.5325517573266656,0.537969216013454,0.04438502673796792,0.3474934890653427,0.27472544234289203
"mineral water, spaghetti",frozen vegetables,0.05972536995067324,0.09532062391681109,0.011998400213304892,0.20089285714285715,2.1075487012987013,1.0,0.006305340685944358,1.1321127387856667,0.5588953479212944,0.08387698042870456,0.11669574438970991,0.16338349150849152
"chocolate, spaghetti",frozen vegetables,0.03919477403012932,0.09532062391681109,0.007865617917610986,0.20068027210884354,2.1053184910327767,1.0,0.004129547602780635,1.1318116449721598,0.5464296717174687,0.06210526315789474,0.1164607605494305,0.14159887731316304
"mineral water, red wine",spaghetti,0.010931875749900012,0.17411011865084655,0.003999466737768298,0.3658536585365854,2.1012774063422106,1.0,0.0020961165538768947,1.3023648128967422,0.5298917194590468,0.022091310751104567,0.23216598751943943,0.1944122810293953
"ground beef, low fat yogurt",mineral water,0.009598720170643914,0.23836821757099053,0.004799360085321957,0.5,2.0975950782997765,1.0,0.002511330267282853,1.523263564858019,0.5283349037555525,0.019736842105263157,0.3435147908279363,0.2600671140939597
"milk, olive oil",mineral water,0.017064391414478068,0.23836821757099053,0.008532195707239034,0.5,2.0975950782997765,1.0,0.004464587141836183,1.523263564858019,0.5323477553234776,0.0345572354211663,0.3435147908279363,0.26789709172259507
"chicken, tomatoes",mineral water,0.006399146780429276,0.23836821757099053,0.003199573390214638,0.5,2.0975950782997765,1.0,0.0016742201781885689,1.523263564858019,0.5266335703743459,0.013245033112582783,0.3435147908279363,0.25671140939597314
"chicken, olive oil",mineral water,0.007199040127982935,0.23836821757099053,0.0035995200639914677,0.5,2.0975950782997765,1.0,0.00188349770046214,1.523263564858019,0.527057875654626,0.01487603305785124,0.3435147908279363,0.2575503355704698
"cake, frozen smoothie",mineral water,0.006399146780429276,0.23836821757099053,0.003199573390214638,0.5,2.0975950782997765,1.0,0.0016742201781885689,1.523263564858019,0.5266335703743459,0.013245033112582783,0.3435147908279363,0.25671140939597314
"grated cheese, pancakes",mineral water,0.006932409012131715,0.23836821757099053,0.0034662045060658577,0.5,2.0975950782997765,1.0,0.0018137385263709495,1.523263564858019,0.5269163646126998,0.014332965821389194,0.3435147908279363,0.25727069351230425
"frozen vegetables, turkey",mineral water,0.008798826823090255,0.23836821757099053,0.004399413411545127,0.5,2.0975950782997765,1.0,0.0023020527450092823,1.523263564858019,0.527908540685945,0.01812191103789127,0.3435147908279363,0.2592281879194631
red wine,spaghetti,0.028129582722303693,0.17411011865084655,0.010265297960271964,0.36492890995260663,2.095966120638976,1.0,0.005367652974892865,1.3004683952587415,0.5380275417312455,0.05347222222222222,0.23104628790226028,0.21194378116313334
"cake, spaghetti",ground beef,0.018130915877882948,0.09825356619117451,0.0037328356219170776,0.2058823529411765,2.095418628781228,1.0,0.0019514084786028886,1.1355325462777803,0.5324216855785084,0.033136094674556214,0.11935593279298712,0.12193710591427888
"brownies, mineral water",eggs,0.009598720170643914,0.17970937208372217,0.0035995200639914677,0.375,2.0867025222551927,1.0,0.0018745400893176913,1.3124650046660444,0.5258222282047831,0.019382627422828428,0.23807492280188525,0.19751483679525222
"ground beef, mineral water",milk,0.040927876283162246,0.12958272230369283,0.011065191307825623,0.2703583061889251,2.0863761879867564,1.0,0.005761645680944714,1.1929379654141352,0.5429206400246525,0.0693979933110368,0.16173344382342275,0.17787462634549134
"mineral water, shrimp",spaghetti,0.023596853752832957,0.17411011865084655,0.008532195707239034,0.36158192090395475,2.07674271722861,1.0,0.004423744700546614,1.2936505221132757,0.5310067927362097,0.04510218463706835,0.22699370277652375,0.20529325754232958
"frozen vegetables, milk",chocolate,0.023596853752832957,0.1638448206905746,0.007998933475536596,0.33898305084745767,2.068927473073051,1.0,0.004132711203541968,1.2649527071604127,0.5291439104314583,0.04457652303120357,0.20945661103424423,0.19390161492739036
"chocolate, olive oil",ground beef,0.01639781362485002,0.09825356619117451,0.003332888948140248,0.20325203252032523,2.0686478913635815,1.0,0.0017217452817605036,1.1317837893723013,0.5252046625101654,0.029940119760479045,0.1164390147745357,0.11858666754917212
"frozen vegetables, shrimp",spaghetti,0.01666444474070124,0.17411011865084655,0.005999200106652446,0.36,2.067656967840735,1.0,0.003097751655598477,1.2904529396080522,0.5251114726440106,0.032467532467532464,0.22507828894269571,0.1972281776416539
"frozen vegetables, ground beef",chocolate,0.01693107585655246,0.1638448206905746,0.005732568990801226,0.3385826771653543,2.066483857947374,1.0,0.0029584999029858713,1.2641869972892503,0.5249746122454128,0.032749428789032746,0.20897778402699657,0.18678523606030123
"mineral water, tomatoes",milk,0.024396747100386616,0.12958272230369283,0.006532462338354886,0.2677595628415301,2.066321482380985,1.0,0.0033710654337320636,1.1887041926748076,0.5289529312681619,0.04430379746835444,0.15874781450058464,0.15908554273763748
"french fries, spaghetti",ground beef,0.027596320490601255,0.09825356619117451,0.005599253432875617,0.20289855072463767,2.065050242856862,1.0,0.002887816530919461,1.1312818896874357,0.5303870108504054,0.04656319290465632,0.11604701788668054,0.12994316952785478
"chicken, chocolate",green tea,0.014664711371817091,0.13211571790427942,0.003999466737768298,0.27272727272727276,2.0643060269700033,1.0,0.0020620278670216326,1.1933408878816156,0.523248996527308,0.028011204481792718,0.16201647814551046,0.15149986239794516
"grated cheese, mineral water",spaghetti,0.0174643380882549,0.17411011865084655,0.006265831222503666,0.35877862595419846,2.060642016295898,1.0,0.0032251132457991067,1.2879949340087988,0.5238632754987153,0.03381294964028777,0.22359943071548713,0.19738318740282665
"eggs, frozen vegetables",ground beef,0.021730435941874418,0.09825356619117451,0.004399413411545127,0.20245398773006135,2.0605255928944235,1.0,0.002264320585367092,1.130651297775681,0.5261197419823749,0.03806228373702422,0.11555401566575846,0.12361505356652322
"herb & pepper, pancakes",mineral water,0.007332355685908546,0.23836821757099053,0.0035995200639914677,0.49090909090909085,2.059456985967053,1.0,0.00185171950854493,1.4960624297712686,0.518234995672546,0.014867841409691631,0.33157869611571683,0.2530048810250152
"brownies, eggs",mineral water,0.007332355685908546,0.23836821757099053,0.0035995200639914677,0.49090909090909085,2.059456985967053,1.0,0.00185171950854493,1.4960624297712686,0.518234995672546,0.014867841409691631,0.33157869611571683,0.2530048810250152
"chicken, french fries",chocolate,0.011065191307825623,0.1638448206905746,0.0037328356219170776,0.3373493975903614,2.0589567382630602,1.0,0.0019198613361794837,1.261834179685133,0.5200718329931056,0.021806853582554516,0.2075028430046717,0.18006607389688942
"burgers, milk",spaghetti,0.01786428476203173,0.17411011865084655,0.006399146780429276,0.3582089552238806,2.0573701172544627,1.0,0.0032887940408994217,1.2868516755905413,0.5232908013212072,0.034482758620689655,0.222909664751304,0.19748120042970446
"chicken, green tea",chocolate,0.011865084655379284,0.1638448206905746,0.003999466737768298,0.33707865168539325,2.0573042850220786,1.0,0.002055434069929191,1.2613188298057432,0.5200980392156862,0.02329192546583851,0.2071790443705572,0.1807443705945274
"cake, olive oil",mineral water,0.006532462338354886,0.23836821757099053,0.003199573390214638,0.489795918367347,2.054787015477332,1.0,0.0016424419862713592,1.492798293560859,0.51670692431562,0.01323772752344181,0.33011713349789423,0.25160936857964666
"frozen vegetables, salmon",mineral water,0.006265831222503666,0.23836821757099053,0.0030662578322890282,0.4893617021276596,2.05296539578276,1.0,0.0015726828121801688,1.4915289072568105,0.5161337361906652,0.012693156732891835,0.3295470204200201,0.2511126184016374
"eggs, herb & pepper",milk,0.012531662445007332,0.12958272230369283,0.003332888948140248,0.26595744680851063,2.0524144120479817,1.0,0.0017090020135252467,1.1857858565717807,0.519276360199811,0.024015369836695485,0.1566774097887331,0.14583880570878208
"chocolate, ground beef",milk,0.023063591521130515,0.12958272230369283,0.0061325156645780565,0.26589595375722547,2.051939865363116,1.0,0.003143872689169596,1.1856865278855206,0.5247591133472566,0.04185623293903549,0.15660676200535278,0.15661052831894196
"chocolate, mineral water",milk,0.05265964538061592,0.12958272230369283,0.013998133582189041,0.26582278481012656,2.0513752148773245,1.0,0.007174353378221748,1.1855683610001424,0.5410116199589884,0.08320126782884311,0.15652270008588748,0.18692373808407564
"shrimp, tomatoes",spaghetti,0.011198506865751233,0.17411011865084655,0.003999466737768298,0.35714285714285715,2.0512469919054914,1.0,0.0020496933786600313,1.2847175932097943,0.5182958069300256,0.022058823529411766,0.22161881701833278,0.19005688033253118
"eggs, olive oil",mineral water,0.011998400213304892,0.23836821757099053,0.005865884548726837,0.48888888888888893,2.050981854337559,1.0,0.003005847276177957,1.4901491395350188,0.5186516357748311,0.023991275899672846,0.3289262306241127,0.2567486950037286
"mineral water, turkey",ground beef,0.019197440341287828,0.09825356619117451,0.0038661511798426876,0.2013888888888889,2.0496852856927483,1.0,0.00197993420456884,1.1291433605953989,0.5221440523451744,0.034037558685446015,0.11437286451146594,0.12036879993969546
"milk, salmon",spaghetti,0.009732035728569524,0.17411011865084655,0.0034662045060658577,0.3561643835616438,2.045627137133147,1.0,0.00177175861065034,1.282765134861451,0.5161758005053643,0.019216555801921654,0.22043406635930432,0.1880362499737775
nonfat milk,mineral water,0.010398613518197574,0.23836821757099053,0.005065991201173177,0.4871794871794871,2.0438105891126024,1.0,0.002587292231630814,1.4851819757365683,0.5160844317448613,0.02078774617067834,0.32668183674660123,0.2542161418000344
"chocolate, shrimp",spaghetti,0.017997600319957337,0.17411011865084655,0.006399146780429276,0.3555555555555556,2.0421303386081338,1.0,0.0032655824532909906,1.2815532641624796,0.5196680695085529,0.03445800430725054,0.21969688817146454,0.196154500595542
"spaghetti, whole wheat rice",milk,0.014131449140114652,0.12958272230369283,0.0037328356219170776,0.2641509433962264,2.0384734839661465,1.0,0.0019016439722448419,1.1828747619975455,0.5167391094368783,0.02666666666666667,0.15460196452980463,0.14647876387918315
"eggs, grated cheese",mineral water,0.009065457938941474,0.23836821757099053,0.004399413411545127,0.4852941176470589,2.0359011054086067,1.0,0.002238496361174863,1.4797417487192186,0.513471863801475,0.018102029621503018,0.3242064023228756,0.25187524674299255
"frozen vegetables, whole wheat rice",mineral water,0.009065457938941474,0.23836821757099053,0.004399413411545127,0.4852941176470589,2.0359011054086067,1.0,0.002238496361174863,1.4797417487192186,0.513471863801475,0.018102029621503018,0.3242064023228756,0.25187524674299255
"pancakes, shrimp",spaghetti,0.010531929076123183,0.17411011865084655,0.0037328356219170776,0.35443037974683544,2.035667900827728,1.0,0.0018991202008509696,1.2793196201290808,0.5141760018477884,0.020633750921149597,0.21833450822938058,0.18793494485044682
"low fat yogurt, mineral water",ground beef,0.023996800426609784,0.09825356619117451,0.004799360085321957,0.2,2.035549525101764,1.0,0.0024415888662296477,1.1271830422610318,0.5212402677229887,0.04086265607264472,0.1128326434062685,0.12442333785617368
"chicken, mineral water",chocolate,0.022796960405279298,0.1638448206905746,0.007598986801759766,0.3333333333333333,2.0344453485218335,1.0,0.00386382291186665,1.254232768964138,0.5203274215552524,0.04244229337304543,0.20269982993197275,0.18985625169514508
"french fries, shrimp",chocolate,0.009998666844420743,0.1638448206905746,0.003332888948140248,0.33333333333333337,2.0344453485218335,1.0,0.0016946591718713382,1.2542327689641382,0.5136008618367897,0.019546520719311962,0.20269982993197283,0.17683753729319232
"french fries, olive oil",chocolate,0.009198773496867084,0.1638448206905746,0.0030662578322890282,0.33333333333333337,2.0344453485218335,1.0,0.0015590864381216309,1.2542327689641382,0.5131862217438106,0.01803921568627451,0.20269982993197283,0.17602386764307026
"eggs, olive oil",chocolate,0.011998400213304892,0.1638448206905746,0.003999466737768298,0.33333333333333337,2.0344453485218335,1.0,0.002033591006245606,1.2542327689641382,0.514640399406288,0.02327385570209465,0.20269982993197283,0.17887171141849745
"mineral water, spaghetti",milk,0.05972536995067324,0.12958272230369283,0.01573123583522197,0.26339285714285715,2.032623273074662,1.0,0.00799185980641856,1.1816573951755929,0.5402941890336365,0.09062980030721966,0.1537310187515043,0.19239601704879483
"olive oil, whole wheat pasta",mineral water,0.007998933475536596,0.23836821757099053,0.0038661511798426876,0.4833333333333333,2.0276752423564504,1.0,0.001959459664810101,1.4741260305077601,0.510911121512218,0.01594282572842221,0.3216319505222007,0.24977628635346755
"eggs, soup",spaghetti,0.009065457938941474,0.17411011865084655,0.003199573390214638,0.35294117647058826,2.027114674353662,1.0,0.0016211854328412793,1.2763752711759646,0.5113233777299431,0.01777777777777778,0.21653135830603432,0.1856589496441762
"frozen vegetables, whole wheat rice",spaghetti,0.009065457938941474,0.17411011865084655,0.003199573390214638,0.35294117647058826,2.027114674353662,1.0,0.0016211854328412793,1.2763752711759646,0.5113233777299431,0.01777777777777778,0.21653135830603432,0.1856589496441762
"chicken, pancakes",spaghetti,0.009065457938941474,0.17411011865084655,0.003199573390214638,0.35294117647058826,2.027114674353662,1.0,0.0016211854328412793,1.2763752711759646,0.5113233777299431,0.01777777777777778,0.21653135830603432,0.1856589496441762
"chocolate, tomatoes",spaghetti,0.013998133582189041,0.17411011865084655,0.004932675643247567,0.3523809523809524,2.023897032013418,1.0,0.0024954589443622337,1.275271140318546,0.5130859631941298,0.026928675400291122,0.21585303047772786,0.1903558666958361
"red wine, spaghetti",eggs,0.010265297960271964,0.17970937208372217,0.0037328356219170776,0.3636363636363636,2.0234691124898836,1.0,0.001888065371224289,1.2890281295827222,0.5110452586206896,0.020042949176807445,0.2242217395801013,0.19220393849473966
"cooking oil, eggs",spaghetti,0.011731769097453673,0.17411011865084655,0.0041327822956939075,0.3522727272727273,2.023275442015871,1.0,0.0020901625861519135,1.2750580624337808,0.5117557212046839,0.022743947175348497,0.21572198987453228,0.188004663789503
"low fat yogurt, pancakes",spaghetti,0.009465404612718305,0.17411011865084655,0.003332888948140248,0.352112676056338,2.022356189202597,1.0,0.001684866227941594,1.2747430777345627,0.5103580080753701,0.01849112426035503,0.21552819743318666,0.18562754782908783
"frozen smoothie, green tea",french fries,0.011198506865751233,0.1709105452606319,0.0038661511798426876,0.34523809523809523,2.019992942574846,1.0,0.0019522082653122142,1.266245712692853,0.5106674787185078,0.02169035153328347,0.21026386113216794,0.18392950003714434
"herb & pepper, mineral water",spaghetti,0.017064391414478068,0.17411011865084655,0.005999200106652446,0.3515625,2.0191962576569678,1.0,0.0030281168927731826,1.273661503767369,0.5135162831351628,0.03239740820734341,0.21486203591606134,0.1930094276416539
"french fries, turkey",eggs,0.010665244634048793,0.17970937208372217,0.0038661511798426876,0.3625,2.017145771513353,1.0,0.0019495067635384917,1.2867303967314163,0.509685933209113,0.02072909220872051,0.22283642125792294,0.1920066765578635
"burgers, turkey",eggs,0.010665244634048793,0.17970937208372217,0.0038661511798426876,0.3625,2.017145771513353,1.0,0.0019495067635384917,1.2867303967314163,0.509685933209113,0.02072909220872051,0.22283642125792294,0.1920066765578635
"cottage cheese, spaghetti",mineral water,0.006932409012131715,0.23836821757099053,0.003332888948140248,0.48076923076923084,2.016918344519016,1.0,0.00168042296844534,1.4668463957892037,0.507713787085515,0.013774104683195593,0.3182653597059339,0.24737566683875412
"herb & pepper, milk",eggs,0.009198773496867084,0.17970937208372217,0.003332888948140248,0.36231884057971014,2.016137702662022,1.0,0.0016797831390778792,1.286364848323254,0.508681377825619,0.017959770114942528,0.22261557340945973,0.19043241732249602
meatballs,milk,0.020930542594320756,0.12958272230369283,0.005465937874950006,0.2611464968152866,2.0152879347854578,1.0,0.002753701186284525,1.1780647637786226,0.5145630745523141,0.03768382352941176,0.15115023320745366,0.15166378338706718
"french fries, frozen smoothie",green tea,0.014531395813891481,0.13211571790427942,0.0038661511798426876,0.26605504587155965,2.0138031272276176,1.0,0.0019463253897391737,1.1824923343554192,0.5108505000746381,0.027077497665732957,0.1543285559266619,0.1476592081022783
"cake, milk",mineral water,0.013331555792560993,0.23836821757099053,0.006399146780429276,0.48,2.013691275167785,1.0,0.0032213275887082986,1.464676504671172,0.5102013241453858,0.02608695652173913,0.3172553824610537,0.2534228187919463
"frozen vegetables, milk",spaghetti,0.023596853752832957,0.17411011865084655,0.008265564591387815,0.3502824858757062,2.011844507315216,1.0,0.004157113584695395,1.2711522521634795,0.515098395024753,0.04363124560168895,0.2133121753920375,0.19887784324413182
"cooking oil, spaghetti",mineral water,0.01586455139314758,0.23836821757099053,0.007598986801759766,0.4789915966386554,2.0094608313123907,1.0,0.0038173819636118022,1.4618416469201956,0.5104521667213279,0.030810810810810815,0.31593137867784954,0.255435395634764
"chicken, french fries",spaghetti,0.011065191307825623,0.17411011865084655,0.0038661511798426876,0.3493975903614458,2.0067621173822396,1.0,0.0019395894083428524,1.269423336147773,0.5072981842861259,0.021323529411764703,0.21224073047638498,0.18580139854978875
extra dark chocolate,mineral water,0.011998400213304892,0.23836821757099053,0.005732568990801226,0.47777777777777775,2.0043686303753416,1.0,0.0028725317182523467,1.4584438386938479,0.5071750666043249,0.023433242506811988,0.31433767042028893,0.25091349739000746
"french fries, ground beef",milk,0.01386481802426343,0.12958272230369283,0.0035995200639914677,0.25961538461538464,2.0034722222222223,1.0,0.0018028792001621044,1.1756285309144927,0.507908611599297,0.025738798856053388,0.14939117782202485,0.1436965811965812
"escalope, mineral water",chocolate,0.017064391414478068,0.1638448206905746,0.005599253432875617,0.32812500000000006,2.00265713995118,1.0,0.0028033412813766767,1.2445100343210052,0.5093552408078381,0.03193916349809886,0.1964709223533164,0.1811495626525631
"cake, pancakes",spaghetti,0.011865084655379284,0.17411011865084655,0.0041327822956939075,0.348314606741573,2.000542010083108,1.0,0.0020669509985434815,1.267313783449563,0.5061408700799053,0.022727272727272728,0.21092943747676177,0.18602560352392586
olive oil,spaghetti,0.0658578856152513,0.17411011865084655,0.022930275963204905,0.3481781376518219,1.999758201015556,1.0,0.01146375168463962,1.267048451510813,0.5351857444880701,0.10565110565110565,0.2107641986321737,0.23993899225623253
olive oil,milk,0.0658578856152513,0.12958272230369283,0.017064391414478068,0.2591093117408907,1.9995668182802688,1.0,0.008530347311288593,1.1748255059616823,0.5351345083487942,0.09566517189835576,0.14880976372620938,0.1953982772696223
"herb & pepper, milk",spaghetti,0.009198773496867084,0.17411011865084655,0.003199573390214638,0.3478260869565218,1.9977362008123047,1.0,0.0015979738452328476,1.2663644847353686,0.5040702368137783,0.017764618800888234,0.21033793030845357,0.18310140488714297
"milk, pancakes",mineral water,0.01653112918277563,0.23836821757099053,0.007865617917610986,0.47580645161290325,1.996098542253013,1.0,0.0039251221198769734,1.452959092633803,0.50741080270102,0.03184025903939558,0.311749377480901,0.254402107238219
"ground beef, whole wheat rice",mineral water,0.008132249033462205,0.23836821757099053,0.0038661511798426876,0.4754098360655738,1.9944346646129023,1.0,0.0019276814728928914,1.4518605852552997,0.5026928068223954,0.015934065934065933,0.311228632999802,0.2458145377195878
"cottage cheese, mineral water",spaghetti,0.009598720170643914,0.17411011865084655,0.003332888948140248,0.34722222222222227,1.9942679087970054,1.0,0.0016616546403331622,1.2651930097263628,0.5033948041459146,0.018477457501847747,0.20960676172540585,0.18318232091202996
"eggs, ground beef",chocolate,0.019997333688841486,0.1638448206905746,0.006532462338354886,0.32666666666666666,1.9937564415513966,1.0,0.003256002785817066,1.2418146227367703,0.5086049655884664,0.03684210526315789,0.1947268282312925,0.18326823976132356
ham,spaghetti,0.026529796027196375,0.17411011865084655,0.009198773496867084,0.34673366834170855,1.9914619036992005,1.0,0.004579667562789166,1.264246818372935,0.5114243070193197,0.04805013927576602,0.20901521327379433,0.19978337322139025
"mineral water, salmon",milk,0.017064391414478068,0.12958272230369283,0.004399413411545127,0.25781250000000006,1.989559220679013,1.0,0.002188163117601296,1.1727727531066034,0.5060108750601089,0.030927835051546393,0.14731989010568242,0.14588155864197533
"chocolate, ground beef",mineral water,0.023063591521130515,0.23836821757099053,0.010931875749900012,0.47398843930635837,1.988471634920019,1.0,0.005434248548222722,1.4479373446177872,0.508836803706465,0.04364023416711016,0.309362381102222,0.25992486842275414
"salmon, spaghetti",milk,0.013464871350486601,0.12958272230369283,0.0034662045060658577,0.25742574257425743,1.9865745833842645,1.0,0.001721389821000803,1.1721619339643603,0.5033991683991684,0.024832855778414518,0.14687555445696202,0.14208735688383653
"chocolate, tomatoes",milk,0.013998133582189041,0.12958272230369283,0.0035995200639914677,0.2571428571428571,1.9843915343915344,1.0,0.0017856038072406682,1.1717155661296441,0.5031097890751758,0.025714285714285717,0.14655055466818367,0.14246031746031745
"pancakes, tomatoes",mineral water,0.009865351286495135,0.23836821757099053,0.004666044527396347,0.47297297297297297,1.9842115605538424,1.0,0.0023144583255228237,1.44514748460889,0.5009636653907558,0.019157088122605366,0.30802910384566257,0.24627395852228068
"eggs, mineral water",milk,0.05092654312758299,0.12958272230369283,0.013064924676709772,0.25654450261780104,1.979773985736755,1.0,0.006465724580721148,1.1707725354929202,0.5214473484294687,0.07802547770700638,0.1458631205599825,0.17868377394264537
"ground beef, olive oil",mineral water,0.014131449140114652,0.23836821757099053,0.006665777896280496,0.4716981132075472,1.9788632814148834,1.0,0.00329728955305626,1.441660159597768,0.5017498309668695,0.02711496746203905,0.30635525068612135,0.24983115951205098
"eggs, red wine",mineral water,0.007065724570057326,0.23836821757099053,0.003332888948140248,0.4716981132075472,1.9788632814148834,1.0,0.00164864477652813,1.441660159597768,0.49817937701396353,0.013766519823788547,0.30635525068612135,0.24284010805791229
light cream,milk,0.01559792027729636,0.12958272230369283,0.003999466737768298,0.25641025641025644,1.9787379972565162,1.0,0.001978245765960264,1.1705611665571027,0.5024647887323943,0.028328611898017,0.14570888854852712,0.14363722697056033
"chocolate, whole wheat rice",spaghetti,0.011998400213304892,0.17411011865084655,0.0041327822956939075,0.34444444444444444,1.9783137655266292,1.0,0.00204373941093505,1.2598320223970136,0.5005245036802313,0.022710622710622713,0.20624338624338626,0.18409052237536158
extra dark chocolate,spaghetti,0.011998400213304892,0.17411011865084655,0.0041327822956939075,0.34444444444444444,1.9783137655266292,1.0,0.00204373941093505,1.2598320223970136,0.5005245036802313,0.022710622710622713,0.20624338624338626,0.18409052237536158
"ground beef, tomatoes",green tea,0.011731769097453673,0.13211571790427942,0.0030662578322890282,0.26136363636363635,1.9782932758462526,1.0,0.001516306735691696,1.1749817972988217,0.5003841664760498,0.021780303030303032,0.148922985616534,0.1422862581414549
"frozen vegetables, tomatoes",milk,0.0161311825089988,0.12958272230369283,0.0041327822956939075,0.25619834710743805,1.9771026765976265,1.0,0.002042459752200129,1.1702276733472574,0.5023122650581344,0.029190207156308854,0.1454654314064777,0.1440456756113322
light cream,mineral water,0.01559792027729636,0.23836821757099053,0.007332355685908546,0.4700854700854701,1.9720979368630376,1.0,0.003614307231595002,1.4372728797450665,0.5007362355953905,0.02972972972972973,0.30423789797148804,0.2504230482418402
"burgers, whole wheat rice",spaghetti,0.008932142381015865,0.17411011865084655,0.0030662578322890282,0.34328358208955223,1.97164636236886,1.0,0.0015110814625241009,1.2576050465998472,0.49725117263805546,0.017037037037037038,0.20483779648970643,0.18044730406162143
"chicken, frozen vegetables",spaghetti,0.008932142381015865,0.17411011865084655,0.0030662578322890282,0.34328358208955223,1.97164636236886,1.0,0.0015110814625241009,1.2576050465998472,0.49725117263805546,0.017037037037037038,0.20483779648970643,0.18044730406162143
french wine,spaghetti,0.022530329289428077,0.17411011865084655,0.007732302359685375,0.3431952662721893,1.9711391212156908,1.0,0.00380954405386041,1.25743594547754,0.5040352164343361,0.04093154551870148,0.204730862357981,0.19380283987422636
"chocolate, pancakes",mineral water,0.01986401813091588,0.23836821757099053,0.009332089054792695,0.4697986577181208,1.970894704442743,1.0,0.004597138459128438,1.436495387112942,0.502599875641225,0.037493304767005894,0.30386132181754316,0.2544742729306488
"chocolate, frozen vegetables",spaghetti,0.022930275963204905,0.17411011865084655,0.007865617917610986,0.34302325581395354,1.9701511805976,1.0,0.0038732248489607253,1.2571067220535788,0.5039811660665433,0.041578576462297394,0.20452258948514376,0.19409968303714523
"cake, chicken",mineral water,0.006532462338354886,0.23836821757099053,0.0030662578322890282,0.46938775510204084,1.9691708898324431,1.0,0.0015091264283457492,1.4353829745777489,0.4954082942425728,0.012679162072767366,0.30332181883780995,0.24112564488882804
"frozen vegetables, milk",mineral water,0.023596853752832957,0.23836821757099053,0.011065191307825623,0.46892655367231634,1.9672360621342533,1.0,0.0054404513384794925,1.434136441382284,0.5035549077796714,0.04410201912858661,0.30271627500368364,0.25767356766389865
almonds,milk,0.020397280362618318,0.12958272230369283,0.005199306759098787,0.25490196078431376,1.9670983619785367,1.0,0.0025561716421190505,1.1681916095397806,0.5018738746283656,0.03591160220994476,0.14397604653746937,0.14751270878721862
parmesan cheese,spaghetti,0.01986401813091588,0.17411011865084655,0.006799093454206106,0.3422818791946308,1.9658930902288865,1.0,0.003340566900549775,1.2556897175614679,0.5012828308690178,0.03632478632478633,0.20362491942516964,0.19066620759118985
"chocolate, pancakes",spaghetti,0.01986401813091588,0.17411011865084655,0.006799093454206106,0.3422818791946308,1.9658930902288865,1.0,0.003340566900549775,1.2556897175614679,0.5012828308690178,0.03632478632478633,0.20362491942516964,0.19066620759118985
"mineral water, shrimp",chocolate,0.023596853752832957,0.1638448206905746,0.007598986801759766,0.3220338983050847,1.965481099419398,1.0,0.0037327645297651375,1.2333288894814025,0.5030900572019891,0.04225352112676056,0.1891862677274299,0.1842065341810208
"burgers, frozen vegetables",mineral water,0.010531929076123183,0.23836821757099053,0.004932675643247567,0.4683544303797469,1.9648358961289047,1.0,0.0024221984817879953,1.4325931145688513,0.49627841260824296,0.02021857923497268,0.30196509404489436,0.2445239713419987
"burgers, french fries",milk,0.021997067057725635,0.12958272230369283,0.005599253432875617,0.2545454545454546,1.9643471754582869,1.0,0.002748813600838646,1.1676329334950464,0.5019668172612557,0.038356164383561646,0.14356646569849207,0.14887766554433224
light cream,spaghetti,0.01559792027729636,0.17411011865084655,0.005332622317024397,0.3418803418803419,1.9635868640462821,1.0,0.002616866566837882,1.2549235859461163,0.49850352112676055,0.028922631959508314,0.2031387319522913,0.18625410662164107
"burgers, frozen vegetables",spaghetti,0.010531929076123183,0.17411011865084655,0.0035995200639914677,0.34177215189873417,1.9629654757981663,1.0,0.0017658046429253596,1.2547173197419832,0.49578829705480204,0.019882179675994108,0.20300773388093704,0.18122298253435942
"cake, frozen vegetables",mineral water,0.010265297960271964,0.23836821757099053,0.004799360085321957,0.4675324675324675,1.9613876056829078,1.0,0.0023524393076968042,1.4303816401715543,0.4952406609195403,0.019682886823400764,0.3008858811414386,0.2438333478601935
"milk, tomatoes",mineral water,0.013998133582189041,0.23836821757099053,0.006532462338354886,0.4666666666666667,1.9577554064131246,1.0,0.0031957521870478595,1.4280595920543928,0.4961562234412424,0.026572668112798264,0.2997491102164654,0.2470357941834452
"cake, pancakes",green tea,0.011865084655379284,0.13211571790427942,0.0030662578322890282,0.25842696629213485,1.9560652615109018,1.0,0.0014986936550485444,1.1703288046442293,0.49463854149557707,0.021759697256386,0.14553927406410194,0.14081792310570415
"ground beef, tomatoes",mineral water,0.011731769097453673,0.23836821757099053,0.005465937874950006,0.4659090909090909,1.9545772320520642,1.0,0.002669456986235546,1.4260339756117624,0.4941779931761276,0.0223433242506812,0.29875443565711374,0.24441986983933292
"chocolate, milk",spaghetti,0.03212904946007199,0.17411011865084655,0.010931875749900012,0.34024896265560167,1.954217051209547,1.0,0.005337883136267961,1.2518205119820502,0.5044950614795404,0.05597269624573379,0.20116343323319907,0.2015180494748146
"frozen vegetables, shrimp",chocolate,0.01666444474070124,0.1638448206905746,0.005332622317024397,0.32,1.95306753458096,1.0,0.002602239356576213,1.2296399695726845,0.4962547451193058,0.030441400304413998,0.18675382653061223,0.17627339300244102
"cake, whole wheat rice",mineral water,0.007732302359685375,0.23836821757099053,0.0035995200639914677,0.46551724137931033,1.9529333487618608,1.0,0.0017563849327933007,1.4249884961575014,0.4917521310104946,0.014843320505772403,0.2982399488160698,0.24030895626012497
"mineral water, pancakes",spaghetti,0.03372883615517931,0.17411011865084655,0.011465137981602452,0.33992094861660077,1.9523331053392974,1.0,0.0055926063166692195,1.2511984430020109,0.5048192925714872,0.05838424983027834,0.2007662688576469,0.20288543602346118
"chocolate, low fat yogurt",milk,0.014798026929742702,0.12958272230369283,0.0037328356219170776,0.25225225225225223,1.9466503540577613,1.0,0.0018152670076376609,1.1640520219793986,0.49360139184225793,0.02654028436018958,0.14093186462615165,0.14052941830719606
"mineral water, whole wheat rice",milk,0.020130649246767097,0.12958272230369283,0.005065991201173177,0.25165562913907286,1.9420461668438123,1.0,0.0024574068700363126,1.1631239728508174,0.4950447547440029,0.035023041474654376,0.1402464196924775,0.14537513967241708
"cooking oil, milk",eggs,0.011465137981602452,0.17970937208372217,0.003999466737768298,0.34883720930232565,1.941118625353668,1.0,0.0019390739902412873,1.2597320357285697,0.4904562823106317,0.021367521367521368,0.20618038468661543,0.18554620109033196
"pancakes, tomatoes",spaghetti,0.009865351286495135,0.17411011865084655,0.003332888948140248,0.33783783783783783,1.940368776126816,1.0,0.0016152314651162985,1.247262269792599,0.4894627709707822,0.01845018450184502,0.198244006718583,0.17849012871983774
"cereals, mineral water",spaghetti,0.010265297960271964,0.17411011865084655,0.0034662045060658577,0.3376623376623376,1.9393607923470095,1.0,0.0016789122602166129,1.2469317816448,0.48938992042440316,0.01915991156963891,0.19803150844313067,0.1787852270241244
"escalope, french fries",chocolate,0.01639781362485002,0.1638448206905746,0.005199306759098787,0.3170731707317073,1.9352041120085732,1.0,0.0025126099260177745,1.2243700839888016,0.4913151364764268,0.029702970297029705,0.1832534843205575,0.17440314354323364
"burgers, frozen vegetables",chocolate,0.010531929076123183,0.1638448206905746,0.003332888948140248,0.31645569620253167,1.9314354574574368,1.0,0.0016072869171369962,1.2232640586193446,0.48738345459444893,0.019485580670303974,0.18251501549987084,0.16839871872779147
"french fries, low fat yogurt",milk,0.013331555792560993,0.12958272230369283,0.003332888948140248,0.25,1.929269547325103,1.0,0.0016053496559966295,1.160556370261743,0.4881772733414404,0.023877745940783193,0.13834431000153163,0.13786008230452676
"frozen vegetables, mineral water",spaghetti,0.03572856952406346,0.17411011865084655,0.011998400213304892,0.33582089552238803,1.9287844849260587,1.0,0.005777694734245183,1.2434746528178264,0.4993809238520976,0.060646900269541774,0.19580186235890762,0.20236680304450183
"frozen smoothie, mineral water",spaghetti,0.020263964804692707,0.17411011865084655,0.006799093454206106,0.3355263157894737,1.9270925687112113,1.0,0.00327093213772448,1.2429233857927853,0.49103386081606415,0.03624733475479744,0.19544518074848136,0.18728842588861128
black tea,eggs,0.014264764698040262,0.17970937208372217,0.004932675643247567,0.34579439252336447,1.924186749493885,1.0,0.002369163736440705,1.253872816957739,0.48725043680412894,0.02609308885754584,0.20247094723187986,0.18662123186999083
cereals,green tea,0.025729902679642713,0.13211571790427942,0.006532462338354886,0.2538860103626943,1.9216942116352878,1.0,0.003133137774226646,1.1632060169755143,0.49229248349586147,0.043171806167400885,0.14030706048088634,0.1516655077040515
"grated cheese, milk",mineral water,0.007865617917610986,0.23836821757099053,0.0035995200639914677,0.45762711864406774,1.9198327835286086,1.0,0.0017246067408760908,1.4042585988534861,0.4829197646988563,0.014835164835164836,0.2878804510675918,0.23636389489250367
"escalope, spaghetti",chocolate,0.013998133582189041,0.1638448206905746,0.004399413411545127,0.3142857142857143,1.9181913286063,1.0,0.0021058917247686534,1.2193929698262453,0.4854712621072816,0.025365103766333587,0.17991982507288629,0.17056840636987097
"ground beef, spaghetti",milk,0.03919477403012932,0.12958272230369283,0.009732035728569524,0.24829931972789115,1.9161452646902384,1.0,0.004653070209667285,1.1579306771163542,0.49762312515799895,0.0611902766135792,0.13639044222375732,0.1617011001931637
soup,mineral water,0.05052659645380616,0.23836821757099053,0.023063591521130515,0.45646437994722955,1.9149548735929356,1.0,0.01101965678450801,1.4012545900028865,0.5032205021321218,0.08676028084252758,0.2863538095543793,0.2766102660362546
"mineral water, turkey",spaghetti,0.019197440341287828,0.17411011865084655,0.006399146780429276,0.33333333333333337,1.9144971924451253,1.0,0.0030566781648151044,1.2388348220237302,0.48701916542068774,0.034236804564907276,0.1927898843153081,0.18504338948443086
"low fat yogurt, milk",spaghetti,0.013198240234635382,0.17411011865084655,0.004399413411545127,0.3333333333333333,1.914497192445125,1.0,0.002101466238310384,1.23883482202373,0.4840583626047014,0.024052478134110787,0.19278988431530802,0.17930066360387953
"frozen smoothie, ground beef",mineral water,0.007598986801759766,0.23836821757099053,0.0034662045060658577,0.45614035087719296,1.913595510027866,1.0,0.0016548475667849004,1.4004197289823723,0.48107923779605666,0.014293567894447497,0.28592836897073765,0.23534086895090073
"frozen vegetables, honey",mineral water,0.007598986801759766,0.23836821757099053,0.0034662045060658577,0.45614035087719296,1.913595510027866,1.0,0.0016548475667849004,1.4004197289823723,0.48107923779605666,0.014293567894447497,0.28592836897073765,0.23534086895090073
"burgers, green tea",eggs,0.0174643380882549,0.17970937208372217,0.005999200106652446,0.34351145038167935,1.9114832264933062,1.0,0.002860694874954325,1.2495124681050278,0.4853218754711291,0.03138075313807531,0.19968785784381224,0.1884471198495934
"frozen vegetables, pancakes",mineral water,0.013464871350486601,0.23836821757099053,0.0061325156645780565,0.45544554455445546,1.9106806653819746,1.0,0.002922918280939869,1.3986329095514538,0.48313160987074033,0.024959305480195332,0.2850161088225049,0.24058630695284294
frozen vegetables,milk,0.09532062391681109,0.12958272230369283,0.023596853752832957,0.24755244755244757,1.9103815937149273,1.0,0.011244947814006083,1.1567813263064306,0.526754984089876,0.11721854304635763,0.13553238001086065,0.21482560649227317
"pancakes, spaghetti",mineral water,0.025196640447940274,0.23836821757099053,0.011465137981602452,0.455026455026455,1.908922505119373,1.0,0.005459059709249805,1.3975573483406096,0.4884516055162587,0.045478582760444204,0.28446585666960245,0.2515624445154646
chicken,milk,0.05999200106652446,0.12958272230369283,0.014798026929742702,0.24666666666666667,1.9035459533607684,1.0,0.007024100115096418,1.1554211650835937,0.504958085301299,0.08466819221967964,0.134514729157094,0.1804320987654321
shrimp,milk,0.07145713904812692,0.12958272230369283,0.01759765364618051,0.2462686567164179,1.900474479454579,1.0,0.008338043040290713,1.1548110416960906,0.5102786660575606,0.09593023255813954,0.13405746577268352,0.19103556292611018
"cooking oil, green tea",mineral water,0.007065724570057326,0.23836821757099053,0.003199573390214638,0.4528301886792453,1.899708750158288,1.0,0.0015153292186025201,1.3919477403012932,0.4769736842105263,0.013208585580627409,0.2815822239249114,0.2331265037355958
"milk, turkey",eggs,0.011331822423676844,0.17970937208372217,0.0038661511798426876,0.34117647058823525,1.8984901378949204,1.0,0.001829716487519479,1.2450839888014928,0.47869006435293665,0.020655270655270654,0.19684133038881074,0.18134491185198112
"milk, salmon",mineral water,0.009732035728569524,0.23836821757099053,0.004399413411545127,0.452054794520548,1.8964558242162364,1.0,0.002079605401588814,1.3899780029329425,0.4773461594947863,0.018052516411378557,0.280564154331985,0.23525558517973708
"milk, shrimp",chocolate,0.01759765364618051,0.1638448206905746,0.005465937874950006,0.31060606060606055,1.8957331656680716,1.0,0.002582653468716724,1.2128844359213642,0.48096342952844634,0.031060606060606056,0.17551914231601723,0.1719832581305323
"fresh bread, frozen vegetables",mineral water,0.006799093454206106,0.23836821757099053,0.0030662578322890282,0.45098039215686275,1.8919485019958768,1.0,0.0014455700445113297,1.3872578894242673,0.47467172454041445,0.012665198237885464,0.2791534958110673,0.231921963416239
"french fries, mineral water",milk,0.03372883615517931,0.12958272230369283,0.008265564591387815,0.24505928853754938,1.8911416906585987,1.0,0.0038948901822644594,1.152961106058459,0.4876673431602933,0.0533104041272571,0.13266805380918334,0.15442264838400102
"low fat yogurt, pancakes",mineral water,0.009465404612718305,0.23836821757099053,0.004266097853619517,0.4507042253521126,1.8907899297350093,1.0,0.0020098462274976228,1.3865604244220426,0.4756224764468371,0.017515051997810616,0.2787908969659017,0.23430065853735382
"chicken, milk",mineral water,0.014798026929742702,0.23836821757099053,0.006665777896280496,0.45045045045045046,1.8897252957655644,1.0,0.003138398593470211,1.3859201286822962,0.47789445196211106,0.02704164413196323,0.27845769802710113,0.23920732813350262
herb & pepper,spaghetti,0.04946007199040128,0.17411011865084655,0.01626449806692441,0.32884097035040427,1.8886953434903389,1.0,0.007652999064196229,1.2305427549419112,0.4950175890373162,0.07845659163987137,0.18735046305058636,0.21112798900368607
"eggs, spaghetti",milk,0.036528462871617116,0.12958272230369283,0.008932142381015865,0.2445255474452555,1.8870227689165244,1.0,0.00419868472054235,1.1521465414917302,0.4878864292072226,0.056827820186598814,0.132054852410302,0.15672779429875944
"french fries, milk",chocolate,0.023730169310758567,0.1638448206905746,0.007332355685908546,0.3089887640449438,1.8858622612702387,1.0,0.003444290350230332,1.2100457066429082,0.4811565056546621,0.040680473372781065,0.173584936081174,0.1768702974008283
"herb & pepper, milk",mineral water,0.009198773496867084,0.23836821757099053,0.0041327822956939075,0.4492753623188406,1.8847955776026977,1.0,0.001940087053406433,1.3829629733579383,0.47379683322337585,0.016976998904709748,0.2769148420713501,0.23330658496255227
"olive oil, pancakes",chocolate,0.010798560191974404,0.1638448206905746,0.003332888948140248,0.30864197530864196,1.8837456930757714,1.0,0.0015636007897698251,1.2094387415011332,0.47426415094339625,0.019455252918287938,0.17317019400352732,0.16449185828084661
"milk, mineral water",spaghetti,0.04799360085321957,0.17411011865084655,0.01573123583522197,0.3277777777777778,1.882588905904373,1.0,0.007375064296186541,1.2285965177094844,0.4924510881303716,0.07622739018087855,0.18606313335126895,0.2090649991492258
"milk, spaghetti",chocolate,0.03546193840821224,0.1638448206905746,0.010931875749900012,0.3082706766917293,1.8814795328435,1.0,0.005121620810066277,1.2087895526973216,0.48572825189205576,0.058032554847841464,0.1727261393279116,0.18749579400086872
"burgers, french fries",green tea,0.021997067057725635,0.13211571790427942,0.005465937874950006,0.24848484848484848,1.8808121579060024,1.0,0.0025597795688300086,1.154846020530596,0.4788480463866798,0.036771300448430494,0.13408369408369408,0.14492859982264622
"olive oil, spaghetti",chocolate,0.022930275963204905,0.1638448206905746,0.007065724570057326,0.308139534883721,1.880679130319602,1.0,0.0033087176164806253,1.2085604272371528,0.4792669081472671,0.039317507418397624,0.17256930024916947,0.17563201317009483
almonds,green tea,0.020397280362618318,0.13211571790427942,0.005065991201173177,0.24836601307189543,1.879912678155689,1.0,0.0023711898627709967,1.1546634361795238,0.47780634902443914,0.034358047016274866,0.1339467686716264,0.14335555951273884
"olive oil, spaghetti",mineral water,0.022930275963204905,0.23836821757099053,0.010265297960271964,0.4476744186046512,1.8780793142916603,1.0,0.004799448950511883,1.3789543850293646,0.4785135726601139,0.04089219330855019,0.2748128503331854,0.24536964778107279
"french fries, grated cheese",chocolate,0.010398613518197574,0.1638448206905746,0.003199573390214638,0.3076923076923077,1.8779495524816925,1.0,0.0014958144228949715,1.2077797034469477,0.47241681260945706,0.018706157443491817,0.17203443877551022,0.16361018964761845
"frozen vegetables, low fat yogurt",mineral water,0.010131982402346354,0.23836821757099053,0.004532728969470737,0.4473684210526316,1.8767955963734841,1.0,0.002117586383762794,1.3781908443953508,0.47195880372350957,0.018579234972677595,0.27441108459929797,0.23319204050394443
"frozen vegetables, pancakes",spaghetti,0.013464871350486601,0.17411011865084655,0.004399413411545127,0.32673267326732675,1.8765863569511623,1.0,0.0020550430630935207,1.226689382592125,0.4734930384930385,0.024017467248908297,0.1847977049520933,0.17600033357087624
"grated cheese, ground beef",mineral water,0.011331822423676844,0.23836821757099053,0.005065991201173177,0.44705882352941173,1.8754967758915646,1.0,0.0023648448882103456,1.3774191809886343,0.47215834894680064,0.020708446866485014,0.27400459220971773,0.2341558099749967
"milk, shrimp",mineral water,0.01759765364618051,0.23836821757099053,0.007865617917610986,0.44696969696969696,1.8751228730255576,1.0,0.0036708965845392953,1.3771971956250584,0.4750615841442967,0.03170338527673294,0.27388757167332345,0.23998372991661582
"avocado, milk",mineral water,0.007465671243834155,0.23836821757099053,0.003332888948140248,0.44642857142857145,1.8728527484819433,1.0,0.0015533102007765007,1.375850961807243,0.46956077904633986,0.013743815283122596,0.2731770898452152,0.23020533716842442
"spaghetti, tomatoes",mineral water,0.020930542594320756,0.23836821757099053,0.009332089054792695,0.44585987261146504,1.8704669488023487,1.0,0.00434291292379076,1.3744389636937302,0.475322906940554,0.037333333333333336,0.27243040512140715,0.24250488037732087
"chicken, milk",chocolate,0.014798026929742702,0.1638448206905746,0.004532728969470737,0.3063063063063063,1.8694903202633062,1.0,0.00210814890059275,1.2053665571863146,0.4720807132054445,0.026033690658499233,0.17037685006435002,0.166985537205228
"herb & pepper, mineral water",milk,0.017064391414478068,0.12958272230369283,0.0041327822956939075,0.24218750000000003,1.8689798739711938,1.0,0.0019215320017500759,1.1485918715992507,0.47302056763343153,0.02899906454630496,0.12936872989738096,0.1370402520576132
"burgers, milk",chocolate,0.01786428476203173,0.1638448206905746,0.005465937874950006,0.3059701492537313,1.8674386408073542,1.0,0.0025389673413495533,1.2047827314780966,0.4729561955589692,0.03101361573373676,0.1699748229515686,0.16966530245436767
"milk, turkey",chocolate,0.011331822423676844,0.1638448206905746,0.0034662045060658577,0.30588235294117644,1.8669027904082705,1.0,0.0016095440929610927,1.204630343072901,0.4696757530495393,0.020186335403726708,0.16986982292917163,0.16351888192217487
"burgers, spaghetti",eggs,0.021463804826023197,0.17970937208372217,0.007199040127982935,0.3354037267080745,1.8663674733214146,1.0,0.003341793240170741,1.2342690756497263,0.4743818750630739,0.03711340206185567,0.18980389306635248,0.1877315369445417
"cake, frozen vegetables",spaghetti,0.010265297960271964,0.17411011865084655,0.003332888948140248,0.3246753246753247,1.8647699926413557,1.0,0.0015455967022910033,1.2229523243054772,0.4685506465517241,0.018409425625920472,0.18230663605966269,0.17190887213858116
"burgers, ground beef",mineral water,0.011998400213304892,0.23836821757099053,0.005332622317024397,0.4444444444444445,1.8645289584886902,1.0,0.0024725850444755173,1.370937208372217,0.4693023883416544,0.02176278563656148,0.27057198980881814,0.23340790454884416
"burgers, frozen smoothie",mineral water,0.007199040127982935,0.23836821757099053,0.003199573390214638,0.4444444444444445,1.8645289584886902,1.0,0.0014835510266853105,1.370937208372217,0.4670337048475897,0.013201320132013203,0.27057198980881814,0.22893363161819538
"chocolate, pancakes",milk,0.01986401813091588,0.12958272230369283,0.004799360085321957,0.24161073825503354,1.86452895848869,1.0,0.0022253265400279647,1.1477183573163696,0.4730685527747551,0.033179723502304144,0.12870610317828254,0.1393238876460353
"cake, french fries",green tea,0.01786428476203173,0.13211571790427942,0.004399413411545127,0.2462686567164179,1.8640375318161966,1.0,0.002039260605362826,1.1514504336715499,0.47196136744121003,0.030219780219780223,0.1315301373317743,0.1397841769959486
"milk, spaghetti",mineral water,0.03546193840821224,0.23836821757099053,0.01573123583522197,0.44360902255639095,1.8610242048073202,1.0,0.0072782367852441705,1.3688787440953818,0.47967155892378155,0.06095041322314049,0.26947510558296667,0.2548022741417302
zucchini,spaghetti,0.009465404612718305,0.17411011865084655,0.0030662578322890282,0.32394366197183094,1.8605676940663889,1.0,0.001418235112090374,1.221628782828956,0.4669494996781555,0.016986706056129987,0.18142072775636867,0.1707773440027608
"spaghetti, whole wheat rice",mineral water,0.014131449140114652,0.23836821757099053,0.006265831222503666,0.4433962264150943,1.86013148452999,1.0,0.00289734287927943,1.3683554057199154,0.4690316919137428,0.02544667027612344,0.26919571054430635,0.2348412899413279
"milk, olive oil",chocolate,0.017064391414478068,0.1638448206905746,0.005199306759098787,0.30468750000000006,1.8596102013832387,1.0,0.0024033946075998473,1.2025602578832186,0.4702779023950867,0.029590288315629744,0.1684408382493623,0.16821030817738
"mineral water, soup",spaghetti,0.023063591521130515,0.17411011865084655,0.007465671243834155,0.3236994219653179,1.859164903646133,1.0,0.003450066587575463,1.2211876023367825,0.47303395976294454,0.03935347856640899,0.18112499825050038,0.18328922093671715
"chocolate, cooking oil",spaghetti,0.013598186908412212,0.17411011865084655,0.004399413411545127,0.3235294117647059,1.8581884514908569,1.0,0.002031831475485089,1.2208806941683137,0.4682082345280074,0.024,0.18091914731994496,0.17439870281956582
"burgers, ground beef",eggs,0.011998400213304892,0.17970937208372217,0.003999466737768298,0.33333333333333337,1.8548466864490605,1.0,0.0018432417694260778,1.2304359418744168,0.4664687626501148,0.021306818181818184,0.18727991765534432,0.17779426310583582
"chocolate, cooking oil",eggs,0.013598186908412212,0.17970937208372217,0.004532728969470737,0.3333333333333333,1.8548466864490603,1.0,0.0020890073386828872,1.2304359418744166,0.46722530071631296,0.024011299435028246,0.18727991765534424,0.17927794263105834
barbecue sauce,eggs,0.010798560191974404,0.17970937208372217,0.0035995200639914677,0.3333333333333333,1.8548466864490603,1.0,0.0016589175924834692,1.2304359418744166,0.4659029649595687,0.019258202567760344,0.18727991765534424,0.17668150346191888
"ground beef, shrimp",mineral water,0.011465137981602452,0.23836821757099053,0.005065991201173177,0.4418604651162791,1.853688673846314,1.0,0.0023330666962931364,1.3645902768519755,0.4658764240337865,0.020697167755991286,0.2671793013893242,0.23155663076843036
"chocolate, herb & pepper",mineral water,0.009065457938941474,0.23836821757099053,0.003999466737768298,0.4411764705882354,1.8508191867350972,1.0,0.0018385496873980335,1.3629200317150698,0.4639042109511639,0.01642935377875137,0.2662812368076936,0.22897749703908415
"ground beef, shrimp",chocolate,0.011465137981602452,0.1638448206905746,0.0034662045060658577,0.3023255813953488,1.845194618426779,1.0,0.0015877010292775075,1.1984890903435097,0.46336428237979144,0.020170674941815358,0.1656161010915994,0.16174049614926106
"shrimp, spaghetti",chocolate,0.021197173710171976,0.1638448206905746,0.006399146780429276,0.30188679245283023,1.8425165420575098,1.0,0.002926099654739187,1.197735797389177,0.46716664396622176,0.035820895522388055,0.16509133134385834,0.17047146782934433
butter,green tea,0.030129316091187842,0.13211571790427942,0.007332355685908546,0.2433628318584071,1.842042988667923,1.0,0.0033517994605563057,1.1470283494364495,0.4713252108716026,0.04733218588640275,0.12818196647771302,0.14943116365876966
"burgers, eggs",french fries,0.02879616051193174,0.1709105452606319,0.009065457938941474,0.3148148148148148,1.8419859016582887,1.0,0.004143890444434543,1.2100224474574564,0.47066090677863465,0.04755244755244756,0.17356905063931918,0.1839284682498411
nonfat milk,spaghetti,0.010398613518197574,0.17411011865084655,0.003332888948140248,0.3205128205128205,1.8408626850433893,1.0,0.0015223851146825716,1.2154605800987541,0.46157618213660245,0.018395879323031643,0.17726661285983317,0.16982762005732907
"ground beef, pancakes",milk,0.014531395813891481,0.12958272230369283,0.0034662045060658577,0.2385321100917431,1.8407709442367954,1.0,0.0015831866776293134,1.1430781116734636,0.4634844322344323,0.024644549763033173,0.12516914654589756,0.13264054064257938
"eggs, escalope",chocolate,0.011065191307825623,0.1638448206905746,0.003332888948140248,0.30120481927710846,1.8383542305920182,1.0,0.0015199146624026542,1.1965668945290053,0.46113777298463193,0.019425019425019424,0.16427572535038112,0.16077328026507987
burgers,eggs,0.0871883748833489,0.17970937208372217,0.02879616051193174,0.33027522935779813,1.8378297443715457,1.0,0.013127592408644938,1.224817512916086,0.49942391639485245,0.1209406494960806,0.18355184388312104,0.24525630904091686
"burgers, milk",french fries,0.01786428476203173,0.1709105452606319,0.005599253432875617,0.3134328358208955,1.8338999231611055,1.0,0.002546058783505576,1.2075868145116884,0.46298486817015394,0.030567685589519656,0.17190218708675625,0.1730970731366568
"burgers, green tea",french fries,0.0174643380882549,0.1709105452606319,0.005465937874950006,0.3129770992366412,1.831233402007836,1.0,0.00248109832967034,1.2067857618984135,0.461988284740378,0.02988338192419825,0.17135250383888817,0.17247918924390562
"fresh bread, mineral water",chocolate,0.013331555792560993,0.1638448206905746,0.003999466737768298,0.3,1.8310008136696498,1.0,0.0018151603694097512,1.194507399013465,0.4599828851956943,0.023094688221709007,0.16283482142857142,0.16220504475183076
"cookies, french fries",chocolate,0.013331555792560993,0.1638448206905746,0.003999466737768298,0.3,1.8310008136696498,1.0,0.0018151603694097512,1.194507399013465,0.4599828851956943,0.023094688221709007,0.16283482142857142,0.16220504475183076
"french fries, low fat yogurt",chocolate,0.013331555792560993,0.1638448206905746,0.003999466737768298,0.3,1.8310008136696498,1.0,0.0018151603694097512,1.194507399013465,0.4599828851956943,0.023094688221709007,0.16283482142857142,0.16220504475183076
"frozen smoothie, spaghetti",mineral water,0.01559792027729636,0.23836821757099053,0.006799093454206106,0.4358974358974359,1.8286726323639075,1.0,0.003081044999892562,1.3501654324877896,0.4603355426677713,0.027508090614886734,0.25935002042126143,0.2322104629151609
"mineral water, olive oil",chocolate,0.027596320490601255,0.1638448206905746,0.008265564591387815,0.2995169082125604,1.8280523421500532,1.0,0.003744050408885623,1.1936836008072487,0.46582476096128494,0.04512372634643376,0.16225706768214532,0.17498221326006375
"chocolate, milk",mineral water,0.03212904946007199,0.23836821757099053,0.013998133582189041,0.43568464730290457,1.827779943746693,1.0,0.006339589330141486,1.3496563203337595,0.46792207792207796,0.05457380457380457,0.25907063529128077,0.24720473975883483
"eggs, salmon",mineral water,0.008265564591387815,0.23836821757099053,0.0035995200639914677,0.43548387096774194,1.8269376488417408,1.0,0.0016292721651244616,1.349176300302817,0.4564084180968171,0.01481075150850247,0.2588070219025087,0.22529227105434077
"ground beef, spaghetti",mineral water,0.03919477403012932,0.23836821757099053,0.017064391414478068,0.4353741496598639,1.8264773470909614,1.0,0.007721602990818394,1.3489141206875228,0.47095705564034956,0.06550665301944728,0.2586629610710028,0.2534812582751221
"frozen smoothie, spaghetti",chocolate,0.01559792027729636,0.1638448206905746,0.004666044527396347,0.29914529914529914,1.8257842871349785,1.0,0.0021104060764168477,1.1930506826732046,0.4594567404426559,0.02669717772692601,0.161812641723356,0.16381186844978546
black tea,spaghetti,0.014264764698040262,0.17411011865084655,0.004532728969470737,0.3177570093457944,1.8250347068168482,1.0,0.0020490890953685395,1.2105509219775263,0.4586071377428439,0.024655547498187092,0.1739298348834227,0.1718953500021468
"french fries, olive oil",mineral water,0.009198773496867084,0.23836821757099053,0.003999466737768298,0.4347826086956522,1.8239957202606754,1.0,0.0018067714954808235,1.3475023842974785,0.4559472551130248,0.016420361247947456,0.2578862852837541,0.22578056609279257
"fresh bread, milk",mineral water,0.009198773496867084,0.23836821757099053,0.003999466737768298,0.4347826086956522,1.8239957202606754,1.0,0.0018067714954808235,1.3475023842974785,0.4559472551130248,0.016420361247947456,0.2578862852837541,0.22578056609279257
"eggs, milk",chocolate,0.03079589388081589,0.1638448206905746,0.009198773496867084,0.2987012987012987,1.8230744032208637,1.0,0.004153025785958841,1.192295348274551,0.4658214221637461,0.04960460100647017,0.16128163927908823,0.17742225227986008
"chocolate, eggs",spaghetti,0.03319557392347687,0.17411011865084655,0.010531929076123183,0.3172690763052209,1.8222322675080107,1.0,0.004752243761623677,1.2096857673878776,0.4667154237678649,0.0535230352303523,0.17333903815423113,0.18887956112351395
"cake, green tea",french fries,0.014131449140114652,0.1709105452606319,0.004399413411545127,0.3113207547169811,1.8215421069672977,1.0,0.0019841997336852444,1.2038833178407264,0.457479459913537,0.024354243542435424,0.16935471637434885,0.16853089217908337
"avocado, chocolate",mineral water,0.007065724570057326,0.23836821757099053,0.0030662578322890282,0.4339622641509434,1.8205542189016928,1.0,0.0013820136606769102,1.3455494822912502,0.45392401811983374,0.012651265126512653,0.2568091971637015,0.22341289941327933
"burgers, spaghetti",chocolate,0.021463804826023197,0.1638448206905746,0.006399146780429276,0.2981366459627329,1.8196281378083479,1.0,0.0028824135273720158,1.1913361404320133,0.4603173251589464,0.03576751117734724,0.16060634269235644,0.16859639458429568
salmon,spaghetti,0.04252766297826956,0.17411011865084655,0.013464871350486601,0.3166144200626959,1.8184722548930183,1.0,0.006060374903396873,1.2085269364696327,0.470079213435128,0.0662729658792651,0.1725463704423377,0.19697489762706005
"ground beef, salmon",mineral water,0.008932142381015865,0.23836821757099053,0.0038661511798426876,0.43283582089552236,1.8158285752445824,1.0,0.0017370123213896324,1.342877090072201,0.4533364875270193,0.01588170865279299,0.2553302104913904,0.2245275301345621
"green tea, turkey",eggs,0.011865084655379284,0.17970937208372217,0.0038661511798426876,0.32584269662921345,1.8131647384389689,1.0,0.0017338842667042696,1.2167644314091453,0.453863259951244,0.020596590909090908,0.17814823133686494,0.17367802487247022
"salmon, spaghetti",chocolate,0.013464871350486601,0.1638448206905746,0.003999466737768298,0.29702970297029707,1.812872092742228,1.0,0.0017933173057261657,1.189460184651436,0.4545090090090091,0.023076923076923078,0.15928249393816937,0.1607198962369793
"olive oil, pancakes",mineral water,0.010798560191974404,0.23836821757099053,0.004666044527396347,0.43209876543209874,1.8127364874195597,1.0,0.0020920109821023552,1.3411342255815166,0.45324220254139397,0.01908396946564886,0.2543624784712362,0.22583685475184356
"frozen vegetables, shrimp",mineral water,0.01666444474070124,0.23836821757099053,0.007199040127982935,0.432,1.8123221476510067,1.0,0.003226766138331713,1.3409010254031857,0.4558176669076886,0.02904787520172136,0.2542328023805356,0.2311006711409396
grated cheese,spaghetti,0.0523930142647647,0.17411011865084655,0.01653112918277563,0.3155216284987277,1.8121958157495839,1.0,0.007408975252661952,1.2065974846476477,0.47296322181276895,0.07873015873015873,0.1712232018351827,0.20523401486192128
"escalope, mineral water",milk,0.017064391414478068,0.12958272230369283,0.003999466737768298,0.23437500000000006,1.8086902006172845,1.0,0.0017882164438244664,1.1368715463788501,0.45487589854875915,0.028037383177570097,0.12039314979323028,0.13261959876543214
"french wine, spaghetti",mineral water,0.007732302359685375,0.23836821757099053,0.003332888948140248,0.4310344827586207,1.8082716192239452,1.0,0.0014897538169420812,1.3386255569964411,0.4504688969501546,0.013728720483250963,0.25296510680420337,0.22250829283344906
"honey, milk",mineral water,0.007732302359685375,0.23836821757099053,0.003332888948140248,0.4310344827586207,1.8082716192239452,1.0,0.0014897538169420812,1.3386255569964411,0.4504688969501546,0.013728720483250963,0.25296510680420337,0.22250829283344906
"hot dogs, spaghetti",mineral water,0.008665511265164644,0.23836821757099053,0.0037328356219170776,0.4307692307692308,1.807158836689038,1.0,0.0016672531472984422,1.3380017799428547,0.45054945054945056,0.015342465753424657,0.2526168387887275,0.22321459301325075
"milk, whole wheat rice",spaghetti,0.011865084655379284,0.17411011865084655,0.0037328356219170776,0.3146067415730337,1.8069411703976461,1.0,0.0016670043247666516,1.2049868760667977,0.45194086809035533,0.020482809070958306,0.17011544286349084,0.16802312576354594
"frozen vegetables, spaghetti",mineral water,0.027862951606452472,0.23836821757099053,0.011998400213304892,0.43062200956937796,1.806541215760573,1.0,0.005356758102608049,1.3376558195601933,0.45925214847321266,0.04719454640797063,0.2524235417083676,0.2404787900195883
"pancakes, shrimp",mineral water,0.010531929076123183,0.23836821757099053,0.004532728969470737,0.43037974683544306,1.8055248775238582,1.0,0.002022251808011165,1.337086906930928,0.450893210962639,0.018548827059465357,0.25210545790524386,0.22469770339535017
"frozen smoothie, milk",mineral water,0.014264764698040262,0.23836821757099053,0.0061325156645780565,0.42990654205607476,1.8035396934913965,1.0,0.0027322491294366103,1.3359770609820332,0.45198221824981477,0.024878312601406168,0.25148415402811425,0.2278168057036526
"mineral water, pancakes",milk,0.03372883615517931,0.12958272230369283,0.007865617917610986,0.23320158102766797,1.7996348346589892,1.0,0.00349494350848763,1.135131810603947,0.4598416395405395,0.05060034305317325,0.11904503894754748,0.14695058475251713
gums,green tea,0.013464871350486601,0.13211571790427942,0.003199573390214638,0.23762376237623764,1.798603271023369,1.0,0.0014206522452563364,1.138393668722958,0.45007319819819824,0.022471910112359553,0.12156925369956353,0.13092086201556585
"cake, mineral water",milk,0.027463004932675644,0.12958272230369283,0.006399146780429276,0.23300970873786409,1.7981541411962125,1.0,0.002840415838613422,1.1348478430724005,0.4564084989718986,0.0424778761061947,0.11882460181386408,0.1411962123936234
"shrimp, spaghetti",milk,0.021197173710171976,0.12958272230369283,0.004932675643247567,0.2327044025157233,1.7957980692082722,1.0,0.0021858881687392136,1.1343962881451872,0.4527413548116354,0.033820840950639856,0.1184738433558647,0.13538512306856124
almonds,chocolate,0.020397280362618318,0.1638448206905746,0.005999200106652446,0.29411764705882354,1.7950988369310295,1.0,0.0026572113630638694,1.1845531706883528,0.4521502449646162,0.033657442034405384,0.15579981992797118,0.1653663906571579
"chocolate, frozen smoothie",spaghetti,0.01493134248766831,0.17411011865084655,0.004666044527396347,0.3125,1.7948411179173047,1.0,0.0020663467152519915,1.201294372871496,0.44956015699012053,0.02530730296456978,0.16756456820016144,0.16964969372128638
"burgers, mineral water",eggs,0.024396747100386616,0.17970937208372217,0.007865617917610986,0.3224043715846995,1.794032040991714,1.0,0.0034812938153151373,1.2105902008764424,0.4536642872693753,0.04008152173913043,0.17395663761690733,0.18308645878938237
"french fries, frozen vegetables",chocolate,0.019064124783362217,0.1638448206905746,0.005599253432875617,0.29370629370629375,1.7925882091870702,1.0,0.0024756953261228947,1.183863273675721,0.4507403668181053,0.031578947368421054,0.1553078617810761,0.16394020950570992
"milk, whole wheat rice",mineral water,0.011865084655379284,0.23836821757099053,0.005065991201173177,0.42696629213483145,1.791204785963854,1.0,0.0022377321205415066,1.3291221301212126,0.44702047888204044,0.02066340402392605,0.24762369285898314,0.22410954427770655
"green tea, olive oil",mineral water,0.009998666844420743,0.23836821757099053,0.004266097853619517,0.42666666666666664,1.7899478001491425,1.0,0.0018827334598287841,1.3284275274924584,0.44578171290061946,0.017476788640087382,0.24723029348270023,0.22228187919463085
"french fries, spaghetti",milk,0.027596320490601255,0.12958272230369283,0.006399146780429276,0.2318840579710145,1.7894674062145883,1.0,0.0028231404456919855,1.1331847577555698,0.45369481765834935,0.042440318302387266,0.11753137062958796,0.14063338701019862
"frozen smoothie, pancakes",mineral water,0.009065457938941474,0.23836821757099053,0.0038661511798426876,0.42647058823529416,1.789125213843927,1.0,0.0017052341294724232,1.3279733642351963,0.44510268745621817,0.015873015873015872,0.24697284830263283,0.22134491380444798
"cooking oil, mineral water",milk,0.020130649246767097,0.12958272230369283,0.004666044527396347,0.2317880794701987,1.788726732619301,1.0,0.002057460196259483,1.1330431804495034,0.4500019436345967,0.03216911764705883,0.11742110340112735,0.1338981549614368
"cake, ground beef",mineral water,0.008132249033462205,0.23836821757099053,0.0034662045060658577,0.4262295081967213,1.7881138372391534,1.0,0.0015277347991160615,1.3274153922334166,0.4443651778329198,0.01426220515633571,0.2466563173435334,0.2203854476106649
"mineral water, whole wheat rice",spaghetti,0.020130649246767097,0.17411011865084655,0.006265831222503666,0.31125827814569534,1.7877092989057126,1.0,0.002760881493630472,1.1991285777280978,0.4496772325951658,0.033333333333333326,0.16606107253766922,0.1736230134985751
"eggs, herb & pepper",mineral water,0.012531662445007332,0.23836821757099053,0.005332622317024397,0.425531914893617,1.7851873006806607,1.0,0.0023454722768066778,1.3258034731171646,0.44541649790738497,0.02171552660152009,0.24574039797252253,0.22395163977343044
"spaghetti, whole wheat rice",chocolate,0.014131449140114652,0.1638448206905746,0.0041327822956939075,0.29245283018867924,1.7849379001182122,1.0,0.0018174175452338476,1.1817659867573214,0.44605989225501097,0.023773006134969323,0.15380878176742394,0.1588382946712314
cooking oil,spaghetti,0.0510598586855086,0.17411011865084655,0.01586455139314758,0.31070496083550914,1.7845313255950643,1.0,0.006974513339118221,1.1981660021088096,0.46328399300152767,0.07579617834394904,0.1653911075427206,0.20091143907012823
"chocolate, salmon",mineral water,0.010665244634048793,0.23836821757099053,0.004532728969470737,0.425,1.7829558165548098,1.0,0.001990473616093955,1.3245770129200167,0.4438675618475392,0.018538713195201742,0.2450420094521267,0.22200782997762863
"burgers, chocolate",eggs,0.017064391414478068,0.17970937208372217,0.005465937874950006,0.3203125,1.7823917377596439,1.0,0.002399306808863293,1.2068643721067076,0.4465766656852789,0.028571428571428567,0.1714064785470502,0.17536396513353114
almonds,eggs,0.020397280362618318,0.17970937208372217,0.006532462338354886,0.3202614379084967,1.7821076007059597,1.0,0.002866879892173111,1.2067737122229856,0.44800473264972834,0.0337465564738292,0.17134422976623334,0.17830579313822462
"chocolate, frozen vegetables",mineral water,0.022930275963204905,0.23836821757099053,0.009732035728569524,0.4244186046511628,1.7805167525102754,1.0,0.004266186718809443,1.3232390563413097,0.44865303345501173,0.03868574456809751,0.24427865455774064,0.23262317257166643
"cake, milk",spaghetti,0.013331555792560993,0.17411011865084655,0.0041327822956939075,0.31,1.7804823889739663,1.0,0.0018116235348507323,1.1969418570277586,0.44427736443636645,0.02254545454545455,0.16453753026634382,0.16686830015313936
"milk, mineral water",chocolate,0.04799360085321957,0.1638448206905746,0.013998133582189041,0.2916666666666667,1.7801396799566043,1.0,0.006134630656098273,1.1804543707897772,0.46033968831896294,0.07075471698113207,0.1528685693027211,0.18855098996474098
"eggs, milk",mineral water,0.03079589388081589,0.23836821757099053,0.013064924676709772,0.42424242424242425,1.7797776421937497,1.0,0.005724162343834314,1.3228341484293324,0.4520534486146591,0.051015096304008335,0.24404733489277514,0.23952613382143584
"burgers, pancakes",french fries,0.010531929076123183,0.1709105452606319,0.003199573390214638,0.3037974683544304,1.7775232528288476,1.0,0.0013995556491681218,1.1908739440801834,0.4420753615377707,0.017950635751682875,0.16028056120382414,0.1612591085921918
carrots,green tea,0.01533128916144514,0.13211571790427942,0.0035995200639914677,0.23478260869565218,1.7770982319133068,1.0,0.001574015790029045,1.1341669595569075,0.4440934300127368,0.025023169601482858,0.11829559874440661,0.131013907778704
"burgers, pancakes",chocolate,0.010531929076123183,0.1638448206905746,0.0030662578322890282,0.29113924050632917,1.7769206208608421,1.0,0.0013406558012857763,1.1795760565257964,0.4418825348845383,0.0178988326848249,0.15223779385171796,0.15492682122956816
"chocolate, fresh bread",mineral water,0.009465404612718305,0.23836821757099053,0.003999466737768298,0.4225352112676056,1.7726155591265715,1.0,0.0017432151116464037,1.318923330547797,0.4400269179004038,0.016402405686167305,0.241805814759025,0.21965686737876927
"milk, pancakes",chocolate,0.01653112918277563,0.1638448206905746,0.004799360085321957,0.29032258064516125,1.7719362712932094,1.0,0.0020908201885573587,1.1782186617541903,0.4429683852213335,0.027334851936218672,0.1512611092824226,0.15980734402477753
"chocolate, shrimp",mineral water,0.017997600319957337,0.23836821757099053,0.007598986801759766,0.4222222222222223,1.771302510564256,1.0,0.003308930892936446,1.318208854204055,0.4434242679737629,0.030546623794212222,0.2413948694011709,0.22705070842654737
"french fries, spaghetti",chocolate,0.027596320490601255,0.1638448206905746,0.007998933475536596,0.2898550724637681,1.769082911758116,1.0,0.003477419293034404,1.1774430075989868,0.4470729366602687,0.0436046511627907,0.1507019927536232,0.1693376257355456
"cooking oil, mineral water",eggs,0.020130649246767097,0.17970937208372217,0.006399146780429276,0.31788079470198677,1.7688604162163224,1.0,0.002781480444655107,1.202561988498621,0.4435941043083901,0.03308063404548587,0.16844203495199134,0.176744551653664
"chocolate, cooking oil",mineral water,0.013598186908412212,0.23836821757099053,0.005732568990801226,0.4215686274509804,1.768560556213537,1.0,0.002491193415245829,1.316719352673881,0.44055922076207654,0.023280996210070383,0.2405367188009459,0.22280892222660875
"frozen smoothie, milk",chocolate,0.014264764698040262,0.1638448206905746,0.0041327822956939075,0.2897196261682243,1.7682562375002848,1.0,0.0017955744815502622,1.1772184761330067,0.44075841789768505,0.023754789272030653,0.1505400057219149,0.15747169266100391
"chocolate, turkey",eggs,0.011331822423676844,0.17970937208372217,0.0035995200639914677,0.3176470588235294,1.7675597835573398,1.0,0.0015630853716682592,1.2021500581531657,0.43922549842183056,0.019203413940256046,0.16815709218841118,0.16883836620701692
"french fries, soup",mineral water,0.007598986801759766,0.23836821757099053,0.003199573390214638,0.4210526315789474,1.766395855410338,1.0,0.0013882164509336809,1.3155458060137437,0.4371977431488447,0.013179571663920924,0.2398592314849789,0.21723772518544684
salmon,milk,0.04252766297826956,0.12958272230369283,0.009732035728569524,0.22884012539184953,1.7659771404982134,1.0,0.004221185386631381,1.128711835711878,0.45300656511903814,0.05993431855500821,0.11403427486050902,0.15197150302514287
"ground beef, turkey",mineral water,0.009198773496867084,0.23836821757099053,0.0038661511798426876,0.42028985507246375,1.7631958629186526,1.0,0.001673455937555213,1.3138148246900414,0.43686667161575293,0.01586433260393873,0.23885772849615797,0.21825454722303278
"french fries, tomatoes",chocolate,0.011998400213304892,0.1638448206905746,0.0034662045060658577,0.28888888888888886,1.763185968718922,1.0,0.0015003287745431657,1.1758432209038794,0.4381013669908556,0.02010827532869296,0.14954648526077094,0.15502214989603108
"eggs, pancakes",spaghetti,0.021730435941874418,0.17411011865084655,0.006665777896280496,0.3067484662576687,1.7618072323114649,1.0,0.002882289116106121,1.191327881946124,0.44200599618424635,0.035236081747709654,0.16060052387389395,0.17251665273067204
"eggs, spaghetti",chocolate,0.036528462871617116,0.1638448206905746,0.010531929076123183,0.28832116788321166,1.7597209766411477,1.0,0.0045469296268207645,1.1749052263117052,0.4480963615695711,0.05547752808988764,0.1488675191792045,0.17630053512142682
"cake, spaghetti",milk,0.018130915877882948,0.12958272230369283,0.0041327822956939075,0.22794117647058826,1.7590398813846528,1.0,0.0017833288583785863,1.1273976168256932,0.4394761623196024,0.028783658310120707,0.11300149558981201,0.1299170902929073
olive oil,mineral water,0.0658578856152513,0.23836821757099053,0.027596320490601255,0.4190283400809717,1.7579035676439423,1.0,0.011897893683499625,1.3109620227175287,0.46153639321341183,0.09975903614457832,0.23720139663003123,0.2674000760807543
tomatoes,spaghetti,0.06839088121583789,0.17411011865084655,0.020930542594320756,0.3060428849902534,1.7577547322449394,1.0,0.009022998151195267,1.1901165986857183,0.46273958268770116,0.09446450060168471,0.15974619536915105,0.21312864004489698
"frozen vegetables, low fat yogurt",eggs,0.010131982402346354,0.17970937208372217,0.003199573390214638,0.31578947368421056,1.757223176635952,1.0,0.001378761194725652,1.1988863023391754,0.43533108866442205,0.017142857142857144,0.16589254706732706,0.1667968139934406
"chocolate, turkey",spaghetti,0.011331822423676844,0.17411011865084655,0.0034662045060658577,0.30588235294117644,1.7568327177731735,1.0,0.001493219559349159,1.1898413544860684,0.43573147456642597,0.019047619047619046,0.1595518207282913,0.1628952346635438
"burgers, cake",mineral water,0.011465137981602452,0.23836821757099053,0.004799360085321957,0.4186046511627907,1.7561261120649292,1.0,0.0020664355804419165,1.3100066657778966,0.43555855248370423,0.01958650707290533,0.23664510561387941,0.2193694396753551
meatballs,spaghetti,0.020930542594320756,0.17411011865084655,0.006399146780429276,0.30573248407643316,1.7559719472108155,1.0,0.0027549275259054922,1.189584507998322,0.4397183641975309,0.033922261484098944,0.15937035723282086,0.17124296485598076
"burgers, turkey",chocolate,0.010665244634048793,0.1638448206905746,0.0030662578322890282,0.28750000000000003,1.7547091131000814,1.0,0.0013188127376021908,1.173551128855334,0.43474159699560005,0.017884914463452566,0.14788544323979594,0.1531072009764036
fresh tuna,spaghetti,0.022263698173576856,0.17411011865084655,0.006799093454206106,0.30538922155688625,1.754000421820983,1.0,0.002922758323598004,1.1889966395285227,0.43966323917077066,0.035864978902953586,0.15895472976565034,0.17221987877231754
"chicken, frozen vegetables",mineral water,0.008932142381015865,0.23836821757099053,0.0037328356219170776,0.41791044776119396,1.7532137967878725,1.0,0.0016036967634640224,1.3084443441729134,0.43349091048848915,0.015325670498084292,0.235733637083269,0.21678520150923233
protein bar,mineral water,0.01853086255165978,0.23836821757099053,0.007732302359685375,0.41726618705035967,1.7505110005954967,1.0,0.003315133683193216,1.306997750094226,0.43683313192629436,0.03103263777421081,0.23488774182824224,0.22485233289878162
"cake, spaghetti",chocolate,0.018130915877882948,0.1638448206905746,0.005199306759098787,0.286764705882353,1.750221366007754,1.0,0.0022286500981311638,1.1723412823307409,0.43655891517398654,0.029411764705882353,0.1470060680522209,0.15924891111855646
"eggs, frozen vegetables",mineral water,0.021730435941874418,0.23836821757099053,0.009065457938941474,0.41717791411042937,1.750140678826807,1.0,0.0038856126564362804,1.3067997951150372,0.43813829701954365,0.036112586298459905,0.2347718420693735,0.22760461701047197
"spaghetti, turkey",eggs,0.01653112918277563,0.17970937208372217,0.005199306759098787,0.31451612903225806,1.7501375993108068,1.0,0.0022285079138272836,1.196659268960217,0.43582096815118376,0.027215631542219124,0.16434023791174512,0.17172393988704893
carrots,spaghetti,0.01533128916144514,0.17411011865084655,0.004666044527396347,0.30434782608695654,1.7480191757107666,1.0,0.0019967119524266965,1.187216704439408,0.4345866697613246,0.025252525252525256,0.15769379232901712,0.16557360676476465
"ground beef, herb & pepper",mineral water,0.015997866951073192,0.23836821757099053,0.006665777896280496,0.41666666666666663,1.7479958985831467,1.0,0.002852394866215323,1.3056544841640163,0.4348733233979135,0.026910656620021532,0.23410058929925895,0.2223154362416107
ground beef,mineral water,0.09825356619117451,0.23836821757099053,0.040927876283162246,0.41655359565807326,1.7475215442008991,1.0,0.01750734884017864,1.305401450349256,0.4743694824294936,0.13841298467087468,0.2339521304098035,0.2941269096858599
"chicken, mineral water",spaghetti,0.022796960405279298,0.17411011865084655,0.006932409012131715,0.30409356725146197,1.7465588422306404,1.0,0.002963227531089886,1.186782938745422,0.4374173575401406,0.036491228070175435,0.157385931872997,0.17195490001164215
"cake, chocolate",eggs,0.013598186908412212,0.17970937208372217,0.004266097853619517,0.3137254901960784,1.7457380578344097,1.0,0.0018223762228316673,1.1952806292494333,0.4330652790917691,0.02256699576868829,0.16337638582167793,0.16873218129981962
"french fries, whole wheat rice",spaghetti,0.010531929076123183,0.17411011865084655,0.003199573390214638,0.3037974683544304,1.744858200709481,1.0,0.0013658579691485301,1.1862781932106023,0.43143133027934977,0.01763409257898604,0.1570274108356065,0.16108709558609727
"eggs, fresh bread",mineral water,0.008665511265164644,0.23836821757099053,0.0035995200639914677,0.4153846153846154,1.7426174496644298,1.0,0.0015339375893728322,1.3027912067864638,0.4298756798756799,0.014786418400876232,0.23241729389112553,0.2152426432627775
"cake, chocolate",milk,0.013598186908412212,0.12958272230369283,0.0030662578322890282,0.22549019607843138,1.7401254740579362,1.0,0.0013041677543025373,1.1238299028483965,0.4311922292671748,0.021883920076117985,0.11018562732184313,0.1245763737593803
"herb & pepper, mineral water",eggs,0.017064391414478068,0.17970937208372217,0.005332622317024397,0.3125,1.738918768545994,1.0,0.0022659912509376836,1.1931500042418586,0.4323070663230707,0.027855153203342614,0.1618824150820738,0.17108679525222553
frozen smoothie,milk,0.06332489001466471,0.12958272230369283,0.014264764698040262,0.22526315789473686,1.7383734026424087,1.0,0.006058953060358073,1.1235005622438747,0.45346523327241145,0.07985074626865672,0.1099247889980734,0.16767273121074291
"chocolate, soup",spaghetti,0.010131982402346354,0.17411011865084655,0.0030662578322890282,0.3026315789473684,1.7381619247199163,1.0,0.0013021771740482154,1.184294924198786,0.42902649685258387,0.01692420897718911,0.15561573425088143,0.16012130249052953
"green tea, ground beef",milk,0.014798026929742702,0.12958272230369283,0.003332888948140248,0.22522522522522523,1.7380806732658587,1.0,0.0014153203338608314,1.1234455560963965,0.43103112313937764,0.023629489603024578,0.10988120913071137,0.12547269491713936
"cooking oil, mineral water",chocolate,0.020130649246767097,0.1638448206905746,0.005732568990801226,0.2847682119205298,1.7380360924458047,1.0,0.0024342663745798208,1.1690688155159559,0.43336180984021516,0.032161555721765135,0.14461836058926883,0.159878003437889
"cooking oil, milk",spaghetti,0.011465137981602452,0.17411011865084655,0.0034662045060658577,0.3023255813953488,1.7364044303572064,1.0,0.0014700079717407276,1.1837754966004532,0.429016027802272,0.01903367496339678,0.155245227771834,0.16111684889063
"ground beef, herb & pepper",milk,0.015997866951073192,0.12958272230369283,0.0035995200639914677,0.22499999999999998,1.7363425925925926,1.0,0.0015264729134191251,1.123119067995235,0.43097141308765746,0.02535211267605634,0.10962245366824934,0.12638888888888888
strong cheese,mineral water,0.007732302359685375,0.23836821757099053,0.003199573390214638,0.4137931034482759,1.7359407544549876,1.0,0.0013564382590164712,1.2992542170847812,0.42724707779121324,0.01317233809001098,0.23032768579827018,0.2136079611201111
cooking oil,milk,0.0510598586855086,0.12958272230369283,0.011465137981602452,0.22454308093994776,1.732816512479988,1.0,0.004848662492692393,1.122457297500625,0.44566019982095834,0.0677698975571316,0.10909751112429901,0.1565102235975459
"eggs, tomatoes",mineral water,0.012265031329156113,0.23836821757099053,0.005065991201173177,0.41304347826086957,1.7327959342476413,1.0,0.002142397544789877,1.297594888582757,0.4281492636977786,0.02062975027144408,0.22934345010235999,0.2171481373407256
turkey,eggs,0.06252499666711105,0.17970937208372217,0.01946407145713905,0.31130063965884863,1.7322448798820649,1.0,0.0082277435665557,1.1910721501323045,0.4509073978836475,0.08737283064033513,0.1604202987292416,0.20980462250004744
rice,chocolate,0.018797493667511,0.1638448206905746,0.005332622317024397,0.2836879432624113,1.7314428498058154,1.0,0.0022527503376388452,1.1673057453725642,0.430540081521739,0.03007518796992481,0.14332641301201327,0.15811736463364667
"chocolate, mineral water",spaghetti,0.05265964538061592,0.17411011865084655,0.01586455139314758,0.3012658227848101,1.7303177157035687,1.0,0.00669597428781704,1.1819800838149117,0.44553306827938044,0.0752212389380531,0.1539620559659178,0.19619187004477873
"chocolate, green tea",spaghetti,0.023463538194907346,0.17411011865084655,0.007065724570057326,0.30113636363636365,1.7295741681748573,1.0,0.0029804851509733377,1.181761131036187,0.43195827162083844,0.0370888733379986,0.15380530486462693,0.17085914659612975
"frozen vegetables, milk",eggs,0.023596853752832957,0.17970937208372217,0.007332355685908546,0.3107344632768361,1.7290943687237001,1.0,0.0030917799148355123,1.1900937798457472,0.43185293679559106,0.03741496598639456,0.15973008435552538,0.17576782511022815
"chocolate, escalope",french fries,0.01759765364618051,0.1709105452606319,0.005199306759098787,0.29545454545454547,1.7287086938022977,1.0,0.0021916821791223293,1.1767721293074902,0.4290844180924247,0.02836363636363637,0.15021780759841544,0.1629378811516097
avocado,milk,0.03332888948140248,0.12958272230369283,0.007465671243834155,0.22399999999999998,1.728625514403292,1.0,0.003146823013475108,1.1216717496086432,0.43603837894280584,0.04802744425385935,0.10847357941491804,0.1408065843621399
"green tea, pancakes",spaghetti,0.01639781362485002,0.17411011865084655,0.004932675643247567,0.3008130081300813,1.72771697854804,1.0,0.002077650367410462,1.1812145977435566,0.4282234253771256,0.026580459770114945,0.15341378111117676,0.16457189457040056
ground beef,milk,0.09825356619117451,0.12958272230369283,0.021997067057725635,0.22388059701492538,1.7277040722314356,1.0,0.009265102474627166,1.121499184724088,0.467090479006505,0.10686528497409327,0.10833640039959494,0.19681684171733924
"cake, chocolate",mineral water,0.013598186908412212,0.23836821757099053,0.005599253432875617,0.4117647058823529,1.727431240952757,1.0,0.0023578778573202196,1.2947740301293162,0.42691097252524474,0.02272727272727273,0.22766445979757208,0.2176273193841295
"low fat yogurt, milk",chocolate,0.013198240234635382,0.1638448206905746,0.0037328356219170776,0.2828282828282828,1.7261960532912524,1.0,0.0015703723172421163,1.1659065176286354,0.4263181765545991,0.021538461538461538,0.14229830189651616,0.15280551651585011
rice,mineral water,0.018797493667511,0.23836821757099053,0.007732302359685375,0.41134751773049644,1.7256810573246386,1.0,0.0032515772993587967,1.2938564014757872,0.4285747751124438,0.03099946552645644,0.22711670409530085,0.22189299823885
"french fries, mineral water",spaghetti,0.03372883615517931,0.17411011865084655,0.010131982402346354,0.30039525691699603,1.7253176279742628,1.0,0.004259450737413121,1.1805092654312759,0.4350710177762286,0.05124747134187457,0.15290796160361378,0.17929410625329129
"cake, milk",eggs,0.013331555792560993,0.17970937208372217,0.0041327822956939075,0.31,1.725007418397626,1.0,0.0017369767753136625,1.1888269969801128,0.4259712070295644,0.021877205363443897,0.15883471477328132,0.16649851632047477
"burgers, turkey",spaghetti,0.010665244634048793,0.17411011865084655,0.003199573390214638,0.3,1.7230474732006125,1.0,0.0013426463815400982,1.179842687641648,0.42415667250595157,0.01762114537444934,0.15242937853107344,0.15918836140888207
"french fries, tomatoes",spaghetti,0.011998400213304892,0.17411011865084655,0.0035995200639914677,0.3,1.7230474732006125,1.0,0.0015104771792326102,1.179842687641648,0.4247290064318805,0.019722425127830533,0.15242937853107344,0.16033690658499233
"frozen vegetables, spaghetti",chocolate,0.027862951606452472,0.1638448206905746,0.007865617917610986,0.2822966507177034,1.722951323867773,1.0,0.0033004176077416226,1.1650428831711328,0.43162695129094336,0.04278462654097172,0.14166249633824823,0.16515158003745217
"chocolate, tomatoes",mineral water,0.013998133582189041,0.23836821757099053,0.005732568990801226,0.4095238095238095,1.7180302546074357,1.0,0.0023958588394941997,1.2898602766942904,0.42387148301407424,0.023243243243243242,0.2247222291682295,0.2167865132630233
"spaghetti, whole wheat pasta",mineral water,0.008798826823090255,0.23836821757099053,0.0035995200639914677,0.40909090909090906,1.7162141549725443,1.0,0.0015021593974556225,1.2889153241106315,0.4210266756332661,0.01477832512315271,0.22415384370574284,0.21209579011592433
whole wheat pasta,spaghetti,0.029462738301559793,0.17411011865084655,0.008798826823090255,0.2986425339366516,1.7152508782992524,1.0,0.003669065961626838,1.1775591211494383,0.4296536796536796,0.04517453798767967,0.15078573802402317,0.1745892608427515
"frozen vegetables, green tea",milk,0.01439808025596587,0.12958272230369283,0.003199573390214638,0.22222222222222224,1.7149062642889805,1.0,0.0013338309546995302,1.1191079284666807,0.4229676721222779,0.02272727272727273,0.10643113629788468,0.1234567901234568
"eggs, low fat yogurt",milk,0.01679776029862685,0.12958272230369283,0.0037328356219170776,0.2222222222222222,1.7149062642889803,1.0,0.001556136113816118,1.1191079284666807,0.424,0.026168224299065426,0.10643113629788464,0.12551440329218105
"milk, pancakes",spaghetti,0.01653112918277563,0.17411011865084655,0.004932675643247567,0.29838709677419356,1.7137837771081363,1.0,0.0020544387798020303,1.177130405601092,0.42349669718518845,0.02656137832017229,0.1504764508318363,0.16335893889245667
"chicken, ground beef",mineral water,0.009465404612718305,0.23836821757099053,0.0038661511798426876,0.40845070422535207,1.7135283738223523,1.0,0.0016098995537207933,1.2875203941061826,0.4203879890471991,0.015846994535519125,0.22331327365558654,0.21233497179947694
"milk, soup",spaghetti,0.015197973603519531,0.17411011865084655,0.004532728969470737,0.2982456140350877,1.7129711721877434,1.0,0.0018866079821095176,1.1768930809225437,0.4226423207701924,0.02453102453102453,0.15030514138453477,0.16213965234679348
"chocolate, grated cheese",french fries,0.010931875749900012,0.1709105452606319,0.003199573390214638,0.29268292682926833,1.7124919143107191,1.0,0.0013312005450777477,1.1721609532522101,0.42065417621422485,0.017910447761194034,0.14687484067315354,0.15570183782961078
"cooking oil, milk",mineral water,0.011465137981602452,0.23836821757099053,0.004666044527396347,0.40697674418604657,1.7073448311742367,1.0,0.001933120022516307,1.2843202605665651,0.4191002793565168,0.019032082653616098,0.22137800772615707,0.21327584412881748
"honey, mineral water",milk,0.015064658045593921,0.12958272230369283,0.003332888948140248,0.22123893805309736,1.7073181834735425,1.0,0.0013807695480179591,1.1176949134054854,0.4206226312939903,0.02358490566037736,0.10530146643226886,0.12347955133107542
"french fries, pancakes",green tea,0.020130649246767097,0.13211571790427942,0.004532728969470737,0.22516556291390727,1.7043056381606645,1.0,0.0018731537923548603,1.1200899709098617,0.42174069627851146,0.030685920577617327,0.10721457564012572,0.1297371709625036
shrimp,spaghetti,0.07145713904812692,0.17411011865084655,0.021197173710171976,0.2966417910447761,1.7037596283513519,1.0,0.008755762752052558,1.174209486480494,0.4448504878390153,0.09447415329768272,0.148363208172214,0.20919378985623185
"ham, spaghetti",mineral water,0.009198773496867084,0.23836821757099053,0.0037328356219170776,0.40579710144927533,1.70239600557663,1.0,0.001540140379629603,1.2817705606732113,0.41642318929724736,0.015308911973756152,0.21982917170856192,0.21072852835327302
tomato sauce,mineral water,0.014131449140114652,0.23836821757099053,0.005732568990801226,0.40566037735849053,1.7018224220167995,1.0,0.00236408064757699,1.2814756974202384,0.41830589493215087,0.02323068611561318,0.21964965702188646,0.21485479718036382
"frozen vegetables, green tea",spaghetti,0.01439808025596587,0.17411011865084655,0.004266097853619517,0.2962962962962963,1.7017752821734444,1.0,0.001759246391908888,1.173632989285639,0.41840254294602996,0.023154848046309694,0.1479448778883807,0.16039929669332426
"chocolate, eggs",mineral water,0.03319557392347687,0.23836821757099053,0.013464871350486601,0.40562248995983935,1.7016634771749188,1.0,0.005552101563101368,1.2813940123298875,0.4264975725371766,0.0521694214876033,0.21959991198822945,0.23105509285464004
"ground beef, milk",chocolate,0.021997067057725635,0.1638448206905746,0.0061325156645780565,0.2787878787878788,1.701536109672806,1.0,0.0025284101567864545,1.1593748284542453,0.42156903418519753,0.03412462908011869,0.13746617965367966,0.15810834134674656
"chocolate, spaghetti",mineral water,0.03919477403012932,0.23836821757099053,0.01586455139314758,0.40476190476190477,1.6980531586236285,1.0,0.006521762969487907,1.2795413944807361,0.4278601686269069,0.06062149770759043,0.21846998908087653,0.2356583573026526
"green tea, milk",spaghetti,0.01759765364618051,0.17411011865084655,0.005199306759098787,0.29545454545454547,1.6969406933036337,1.0,0.0021353771947857964,1.1722307993342822,0.41806110838544014,0.0278770550393138,0.14692567319685967,0.1626583600167061
"mineral water, red wine",eggs,0.010931875749900012,0.17970937208372217,0.003332888948140248,0.30487804878048785,1.6965061156546286,1.0,0.0013683284214284475,1.1800672191076278,0.415090982612212,0.017793594306049824,0.15259064584795048,0.16171202142288488
"chocolate, cookies",spaghetti,0.010398613518197574,0.17411011865084655,0.0030662578322890282,0.2948717948717949,1.6935936702399184,1.0,0.0012557539988313517,1.1712620135497085,0.41384299093885635,0.01689933872152829,0.14622006994888354,0.15624141045274276
"cooking oil, spaghetti",chocolate,0.01586455139314758,0.1638448206905746,0.004399413411545127,0.27731092436974786,1.6925217605349703,1.0,0.0018000888331984564,1.1570054225328095,0.4157615165472114,0.025095057034220533,0.13569981564054187,0.15208101141188776
"burgers, spaghetti",green tea,0.021463804826023197,0.13211571790427942,0.004799360085321957,0.22360248447204967,1.6924745065841016,1.0,0.001963654101774565,1.1178349553392881,0.41812367544656376,0.03225806451612903,0.10541355392086707,0.12996471347719538
"burgers, tomatoes",mineral water,0.008265564591387815,0.23836821757099053,0.003332888948140248,0.40322580645161293,1.691608934112723,1.0,0.0013626410492732421,1.2762478516378,0.4122543352601157,0.013698630136986302,0.21645313743979497,0.20860395467994516
"chicken, spaghetti",mineral water,0.01719770697240368,0.23836821757099053,0.006932409012131715,0.40310077519379844,1.6910844042106723,1.0,0.0028330222548116546,1.2759805186148343,0.4158145164656288,0.027882037533512063,0.21628897509691616,0.21609177462150772
"burgers, whole wheat rice",mineral water,0.008932142381015865,0.23836821757099053,0.0035995200639914677,0.4029850746268656,1.6905990183311628,1.0,0.0014703812055384125,1.2757332355685909,0.4121752907063641,0.01477024070021882,0.21613706367514773,0.2090428728839026
french wine,milk,0.022530329289428077,0.12958272230369283,0.004932675643247567,0.21893491124260356,1.6895378284267175,1.0,0.0020131342395248515,1.1143978782626962,0.41752923135901865,0.03351449275362319,0.10265442935070751,0.12850037743200138
almonds,spaghetti,0.020397280362618318,0.17411011865084655,0.005999200106652446,0.29411764705882354,1.6892622286280516,1.0,0.0024478272025623884,1.170010665244634,0.41652150244964614,0.03182461103253183,0.1453069363338556,0.16428700117106568
"mineral water, pancakes",chocolate,0.03372883615517931,0.1638448206905746,0.009332089054792695,0.2766798418972332,1.6886700521327471,1.0,0.0038057939428455707,1.1559959582802437,0.42205337432986434,0.049575070821529746,0.13494507239654754,0.16681835870288836
"shrimp, spaghetti",mineral water,0.021197173710171976,0.23836821757099053,0.008532195707239034,0.4025157232704402,1.6886300001407004,1.0,0.00347946319240268,1.2747310884864473,0.4166354535548897,0.03398831651619755,0.21552081922835148,0.21915495335781518
"french fries, milk",eggs,0.023730169310758567,0.17970937208372217,0.007199040127982935,0.3033707865168539,1.6881188944086951,1.0,0.0029345063017060993,1.1775139658798182,0.41753278609758193,0.036684782608695655,0.15075317238142713,0.1717150668489314
"cooking oil, spaghetti",milk,0.01586455139314758,0.12958272230369283,0.0034662045060658577,0.21848739495798317,1.6860843102673166,1.0,0.0014104327484149512,1.113759742428608,0.41346935372944577,0.024413145539906103,0.10214028941336066,0.1226181830756994
"eggs, tomatoes",spaghetti,0.012265031329156113,0.17411011865084655,0.0035995200639914677,0.2934782608695652,1.6855899194353816,1.0,0.0014640540040157467,1.1689518320634171,0.4117864659098294,0.019693654266958426,0.14453275783415795,0.15707603701977493
"green tea, tomatoes",spaghetti,0.012265031329156113,0.17411011865084655,0.0035995200639914677,0.2934782608695652,1.6855899194353816,1.0,0.0014640540040157467,1.1689518320634171,0.4117864659098294,0.019693654266958426,0.14453275783415795,0.15707603701977493
salmon,mineral water,0.04252766297826956,0.23836821757099053,0.017064391414478068,0.4012539184952978,1.6833364891684726,1.0,0.006927148192888149,1.2720447046850996,0.42397225703146757,0.06467913087417888,0.21386410688486412,0.23642114269283904
eggplant,spaghetti,0.013198240234635382,0.17411011865084655,0.0038661511798426876,0.29292929292929293,1.6824369266942008,1.0,0.0015682040066079444,1.1680442607652313,0.41104920384984484,0.021075581395348836,0.14386805912229642,0.15756724983371231
"burgers, cake",eggs,0.011465137981602452,0.17970937208372217,0.0034662045060658577,0.3023255813953488,1.6823028086398453,1.0,0.001405811758538847,1.1757499000133316,0.41028061621453393,0.01846590909090909,0.14947898359280212,0.160806707611621
"grated cheese, spaghetti",milk,0.01653112918277563,0.12958272230369283,0.0035995200639914677,0.21774193548387097,1.6803315412186381,1.0,0.0014573713417333806,1.112698375611774,0.4116849667886675,0.025257249766136577,0.10128385021665127,0.12275985663082438
frozen vegetables,spaghetti,0.09532062391681109,0.17411011865084655,0.027862951606452472,0.29230769230769227,1.678866768759571,1.0,0.011266666466423773,1.1670183106020646,0.44696511393426097,0.11534216335540838,0.1431154156577885,0.2261691600895276
butter,chocolate,0.030129316091187842,0.1638448206905746,0.008265564591387815,0.2743362831858407,1.674366525774606,1.0,0.003329032198897499,1.1522626251459154,0.41527103425340867,0.04450825556353194,0.13214229275781106,0.1623919007467039
cereals,mineral water,0.025729902679642713,0.23836821757099053,0.010265297960271964,0.3989637305699482,1.6737287153272828,1.0,0.004132106920250477,1.2671977069724039,0.41316223459080603,0.040441176470588244,0.21085715788643122,0.2210143037637213
"cake, eggs",milk,0.019064124783362217,0.12958272230369283,0.0041327822956939075,0.2167832167832168,1.6729330340441453,1.0,0.0016624011079285328,1.1113363456301064,0.4100649720734071,0.02859778597785978,0.10018240298528247,0.12433811044922156
"chicken, chocolate",spaghetti,0.014664711371817091,0.17411011865084655,0.004266097853619517,0.2909090909090909,1.6708339134066545,1.0,0.0017128232166920246,1.1647164993385497,0.40747192531457177,0.02312138728323699,0.14142196786264583,0.15770569399972156
"eggs, shrimp",chocolate,0.014131449140114652,0.1638448206905746,0.0038661511798426876,0.27358490566037735,1.6697806162396178,1.0,0.0015507864293826277,1.1510707663220663,0.40686857382667685,0.022205206738131696,0.13124368261455524,0.1485906627569584
"eggs, milk",spaghetti,0.03079589388081589,0.17411011865084655,0.008932142381015865,0.29004329004329005,1.6658611934262777,1.0,0.0035702656434681316,1.1632961133637467,0.41241043749615075,0.045578231292517014,0.1403736430370813,0.17067248728810752
"fresh bread, spaghetti",mineral water,0.009065457938941474,0.23836821757099053,0.0035995200639914677,0.3970588235294118,1.6657372680615872,1.0,0.0014386030136212032,1.2631941757359184,0.40332152413411665,0.014762165117550574,0.20835607129251144,0.2060797473351757
"cake, tomatoes",mineral water,0.008398880149313425,0.23836821757099053,0.003332888948140248,0.3968253968253968,1.664757998650616,1.0,0.001330862857356032,1.2627053235007262,0.4026942726539392,0.013691128148959475,0.2080495889352882,0.2054037498668371
fresh tuna,milk,0.022263698173576856,0.12958272230369283,0.004799360085321957,0.2155688622754491,1.6635617653581727,1.0,0.0019143694674421136,1.1096159188952923,0.40796291246250344,0.032638259292837715,0.09878726235689138,0.12630294965624306
"frozen vegetables, mineral water",chocolate,0.03572856952406346,0.1638448206905746,0.009732035728569524,0.2723880597014925,1.6624758631577665,1.0,0.003878094661368618,1.1491773746406462,0.41325242562153286,0.051264044943820225,0.12981231438470905,0.1658929720802011
"burgers, milk",eggs,0.01786428476203173,0.17970937208372217,0.005332622317024397,0.29850746268656714,1.6610567341334868,1.0,0.0021222429197148684,1.169350469582779,0.4052124338265236,0.027739251040221912,0.14482439096569805,0.1640905265955091
fresh tuna,mineral water,0.022263698173576856,0.23836821757099053,0.008798826823090255,0.39520958083832336,1.6579793433267693,1.0,0.0034918687729162227,1.259331759065788,0.40589285271586895,0.03493912122816305,0.20592807034277325,0.21606116625808786
"french fries, pancakes",chocolate,0.020130649246767097,0.1638448206905746,0.005465937874950006,0.271523178807947,1.6571972044250696,1.0,0.002167635258728601,1.1478130188702114,0.40471876555500247,0.030619865571321875,0.12877795985944046,0.15244181723147554
"eggs, pancakes",milk,0.021730435941874418,0.12958272230369283,0.004666044527396347,0.2147239263803681,1.657041328990886,1.0,0.0018501554812022486,1.108422002066391,0.40532258692520345,0.03181818181818183,0.0978165372613174,0.1253660784165215
cooking oil,mineral water,0.0510598586855086,0.23836821757099053,0.020130649246767097,0.3942558746736292,1.6539783646123563,1.0,0.007959601742475753,1.2573490201306492,0.41667240407213124,0.07475247524752475,0.2046758823607374,0.23935388811981237
"burgers, green tea",milk,0.0174643380882549,0.12958272230369283,0.0037328356219170776,0.21374045801526717,1.6494518267206988,1.0,0.001469759149208937,1.1070355667787986,0.4007365768559798,0.02604651162790698,0.0966866557776871,0.12127352118870355
"chicken, eggs",spaghetti,0.01439808025596587,0.17411011865084655,0.0041327822956939075,0.28703703703703703,1.6485948046055243,1.0,0.0016259308339832785,1.1583910024117996,0.39917009551319255,0.022415039768618947,0.1367336262816489,0.15538681867165788
fresh bread,milk,0.043060925209972005,0.12958272230369283,0.009198773496867084,0.21362229102167182,1.6485399227917288,1.0,0.0036188215832431963,1.1068692153382174,0.41110518855924505,0.056280587275693315,0.09655089676115185,0.14230497267132974
"pancakes, spaghetti",chocolate,0.025196640447940274,0.1638448206905746,0.006799093454206106,0.2698412698412698,1.646931948803389,1.0,0.0026707544180084525,1.145169049923778,0.4029637018921354,0.03730797366495976,0.12676648040168445,0.1556692109987472
chicken,spaghetti,0.05999200106652446,0.17411011865084655,0.01719770697240368,0.2866666666666667,1.6464675855028077,1.0,0.006752492548609391,1.1577895532932057,0.41769763813808364,0.07928703134603564,0.13628517621737962,0.19272077590607453
"burgers, chocolate",french fries,0.017064391414478068,0.1709105452606319,0.004799360085321957,0.28125,1.6455976989079564,1.0,0.0018828756441326647,1.1535157631156425,0.3991289539912896,0.026200873362445413,0.133085102106448,0.1546655616224649
"chocolate, french fries",milk,0.03439541394480736,0.12958272230369283,0.007332355685908546,0.21317829457364343,1.645113567486522,1.0,0.0028753043121780095,1.106244618944075,0.4061074642601635,0.04680851063829788,0.09604080067344148,0.13488132835678057
"herb & pepper, spaghetti",eggs,0.01626449806692441,0.17970937208372217,0.004799360085321957,0.29508196721311475,1.6419954273483484,1.0,0.001876477350458058,1.163668100067278,0.39744921775007147,0.02510460251046025,0.14064843752081485,0.16089409933356033
blueberries,mineral water,0.009198773496867084,0.23836821757099053,0.0035995200639914677,0.3913043478260869,1.6415961482346075,1.0,0.0014068248217039931,1.2512522139905156,0.3944653749551489,0.014754098360655736,0.20080061492096585,0.20320250948351326
"eggs, spaghetti",mineral water,0.036528462871617116,0.23836821757099053,0.014264764698040262,0.3905109489051095,1.6382676888910663,1.0,0.005557540112724784,1.2496234035062792,0.4043701643240756,0.05473145780051152,0.19975890560777637,0.2251771746762684
fromage blanc,eggs,0.013598186908412212,0.17970937208372217,0.003999466737768298,0.29411764705882354,1.6366294292197592,1.0,0.0015557451069804482,1.1620783895480604,0.39435058791728617,0.02112676056338028,0.1394728539880116,0.1581864199685809
"french fries, pancakes",spaghetti,0.020130649246767097,0.17411011865084655,0.005732568990801226,0.2847682119205298,1.6355638266584183,1.0,0.0022276192619280323,1.1547164081826127,0.39657332700522074,0.03041018387553041,0.1339864984045027,0.1588465868178453
"cake, spaghetti",mineral water,0.018130915877882948,0.23836821757099053,0.007065724570057326,0.3897058823529412,1.6348902816160022,1.0,0.002743890469316797,1.247974968799341,0.3955091009235421,0.028327097808658473,0.19870187703998105,0.20967397025924464
"red wine, spaghetti",mineral water,0.010265297960271964,0.23836821757099053,0.003999466737768298,0.38961038961038963,1.6344896714024233,1.0,0.0015525459601431453,1.2477797286602923,0.3922144396551725,0.016348773841961855,0.19857649789384432,0.20319445655016127
"burgers, cake",chocolate,0.011465137981602452,0.1638448206905746,0.0030662578322890282,0.2674418604651163,1.6322875470698432,1.0,0.001187754355500678,1.1414181812795332,0.3918555220029904,0.01780185758513932,0.12389690614617943,0.14307813120896173
red wine,mineral water,0.028129582722303693,0.23836821757099053,0.010931875749900012,0.38862559241706157,1.6303582599107265,1.0,0.00422667725536875,1.2457698146707055,0.39782863260731377,0.04277516953573291,0.19728348831093626,0.21724344497810572
"ground beef, mineral water",chocolate,0.040927876283162246,0.1638448206905746,0.010931875749900012,0.267100977198697,1.6302070219425762,1.0,0.004226055199039273,1.1408872891021935,0.40307810709466546,0.05639614855570838,0.12348922671674527,0.16691094425435257
"french fries, frozen smoothie",milk,0.014531395813891481,0.12958272230369283,0.0030662578322890282,0.21100917431192662,1.6283742968248576,1.0,0.001183240003852484,1.1032032938243894,0.39158079239600985,0.02173913043478261,0.0935487542523758,0.11733586287612792
"burgers, milk",mineral water,0.01786428476203173,0.23836821757099053,0.006932409012131715,0.38805970149253727,1.627984239874453,1.0,0.002674131295225605,1.2446177907986253,0.3927598124693278,0.02780748663101604,0.19654049026702644,0.20857123777087713
"chocolate, pancakes",green tea,0.01986401813091588,0.13211571790427942,0.004266097853619517,0.2147651006711409,1.6255832695602705,1.0,0.001641748837789943,1.1052543421560885,0.39263550734494007,0.028880866425992777,0.09523087866885223,0.12352785810549982
"eggs, shrimp",spaghetti,0.014131449140114652,0.17411011865084655,0.003999466737768298,0.28301886792452835,1.6255164841515215,1.0,0.0015390384512745325,1.1518990450396087,0.390326797385621,0.021707670043415343,0.1318683661504257,0.15299488572336678
"green tea, spaghetti",chocolate,0.026529796027196375,0.1638448206905746,0.007065724570057326,0.2663316582914573,1.625511610125485,1.0,0.002718954897023817,1.1396909635792851,0.39529619695818663,0.03854545454545454,0.12256915957337707,0.15472807487396298
cooking oil,chocolate,0.0510598586855086,0.1638448206905746,0.013598186908412212,0.26631853785900783,1.6254315317171828,1.0,0.0052322935175989765,1.1396705824751243,0.4054826482433377,0.06754966887417219,0.12255346818884211,0.17465642108572849
"chocolate, low fat yogurt",mineral water,0.014798026929742702,0.23836821757099053,0.005732568990801226,0.3873873873873873,1.625163754358385,1.0,0.002205189687990941,1.2432518801414714,0.3904553607955439,0.02316810344827586,0.19565776173512905,0.2057183021948122
"spaghetti, turkey",mineral water,0.01653112918277563,0.23836821757099053,0.006399146780429276,0.3870967741935484,1.623944576748214,1.0,0.0024586509826952643,1.2426623818578577,0.39067371560254854,0.025751072961373394,0.195276195208438,0.2069712058887205
"eggs, green tea",french fries,0.025463271563791495,0.1709105452606319,0.007065724570057326,0.2774869109947644,1.6235798123024399,1.0,0.002713782942970178,1.147507868516082,0.3941124848359704,0.03732394366197184,0.12854628065150794,0.15941428233045554
"mineral water, turkey",eggs,0.019197440341287828,0.17970937208372217,0.005599253432875617,0.2916666666666667,1.6229908506429278,1.0,0.002149293483528064,1.1580573570582746,0.3913668226567506,0.02896551724137931,0.13648491250880332,0.16141196834817015
oil,chocolate,0.023063591521130515,0.1638448206905746,0.0061325156645780565,0.26589595375722547,1.6228523589364916,1.0,0.0023536656473177706,1.139014535594729,0.39286180463261816,0.03392330383480826,0.12204807862451342,0.1516623788314199
soup,spaghetti,0.05052659645380616,0.17411011865084655,0.014264764698040262,0.2823218997361478,1.6215134532318871,1.0,0.0054675729944446295,1.1507803861445927,0.40368923987014055,0.06780735107731305,0.13102446649246888,0.18212572781600653
"mineral water, salmon",chocolate,0.017064391414478068,0.1638448206905746,0.004532728969470737,0.265625,1.621198637103336,1.0,0.001736816817971797,1.1385942867192176,0.38982455860412785,0.02569916855631141,0.12172403140943877,0.14664488405207485
"mineral water, spaghetti",chocolate,0.05972536995067324,0.1638448206905746,0.01586455139314758,0.265625,1.621198637103336,1.0,0.006078858862901292,1.1385942867192176,0.4075111967373083,0.07637997432605906,0.12172403140943877,0.181225844182262
"green tea, milk",chocolate,0.01759765364618051,0.1638448206905746,0.004666044527396347,0.26515151515151514,1.6183087999605492,1.0,0.0017827601211630652,1.1378606563798366,0.3889149526006629,0.026395173453996983,0.12115776708410635,0.14681497645289346
white wine,milk,0.01653112918277563,0.12958272230369283,0.0034662045060658577,0.2096774193548387,1.6180970396920218,1.0,0.0013240557838077706,1.101344310554511,0.3884109654748126,0.024299065420560748,0.09201873527043117,0.11821319527412716
"chicken, french fries",mineral water,0.011065191307825623,0.23836821757099053,0.004266097853619517,0.38554216867469876,1.6174227109781407,1.0,0.0016285079244911056,1.2395183910119172,0.386003639795093,0.017400761283306143,0.19323504414999393,0.20171963019864692
"green tea, pancakes",french fries,0.01639781362485002,0.1709105452606319,0.004532728969470737,0.2764227642276423,1.6173534746267901,1.0,0.0017301697017654011,1.1458202576735086,0.3880694592827644,0.024799416484318017,0.12726276804495013,0.151471912535038
"escalope, mineral water",spaghetti,0.017064391414478068,0.17411011865084655,0.004799360085321957,0.28125,1.6153570061255742,1.0,0.0018282768714426934,1.1490641827466483,0.387555193875552,0.025751072961373387,0.1297265940274415,0.15440754211332314
"eggs, mineral water",chocolate,0.05092654312758299,0.1638448206905746,0.013464871350486601,0.2643979057591623,1.6137092685919252,1.0,0.005120821023356953,1.1366949412676175,0.4007168099869405,0.06688741721854304,0.12025648773907464,0.1732892702107447
"french fries, ground beef",mineral water,0.01386481802426343,0.23836821757099053,0.005332622317024397,0.38461538461538464,1.6135346756152127,1.0,0.0020276903576345803,1.2376516464471403,0.3855887521968366,0.02159827213822894,0.1920182040959216,0.20349337463431424
"avocado, mineral water",chocolate,0.011598453539528063,0.1638448206905746,0.0030662578322890282,0.26436781609195403,1.6135256212414542,1.0,0.0011659112918170926,1.13664844687375,0.38470109428695415,0.017788089713843772,0.12022050199390101,0.1415411090223806
"chicken, green tea",spaghetti,0.011865084655379284,0.17411011865084655,0.003332888948140248,0.2808988764044944,1.613340330712184,1.0,0.0012670576509898222,1.1485031162511665,0.3847328656233135,0.018248175182481754,0.12930144825021994,0.15002064800316603
"french fries, spaghetti",eggs,0.027596320490601255,0.17970937208372217,0.007998933475536596,0.2898550724637681,1.6129101621296178,1.0,0.0030396160483494887,1.1551031291065952,0.3907869481765835,0.04013377926421405,0.13427643402417108,0.16718272911022233
"chocolate, grated cheese",spaghetti,0.010931875749900012,0.17411011865084655,0.0030662578322890282,0.2804878048780488,1.6109793448623615,1.0,0.001162907648397625,1.1478469537395013,0.3834514202664136,0.016849816849816852,0.1288037166085947,0.14904941545586972
"eggs, frozen vegetables",chocolate,0.021730435941874418,0.1638448206905746,0.005732568990801226,0.26380368098159507,1.610082515087831,1.0,0.0021721496103767946,1.135777451895303,0.38733068385657315,0.0318754633061527,0.11954582446475519,0.14939573796842162
"chocolate, pancakes",french fries,0.01986401813091588,0.1709105452606319,0.005465937874950006,0.27516778523489926,1.6100105749196407,1.0,0.002070967705128095,1.143836377371906,0.3865647973672337,0.029496402877697843,0.12574908458706857,0.15357453224303466
"milk, shrimp",spaghetti,0.01759765364618051,0.17411011865084655,0.004932675643247567,0.28030303030303033,1.6099180936470372,1.0,0.0018687460789345764,1.1475522561904026,0.38563668839147197,0.026409707351891507,0.12857998874948032,0.15431690565687506
"chicken, french fries",eggs,0.011065191307825623,0.17970937208372217,0.003199573390214638,0.28915662650602414,1.6090236316184623,1.0,0.001211054808299035,1.1539681714754417,0.38274018154039724,0.017057569296375266,0.1334249724397346,0.15348039040434738
"eggs, mineral water",spaghetti,0.05092654312758299,0.17411011865084655,0.014264764698040262,0.2801047120418848,1.608779054384516,1.0,0.005397938231619333,1.1472361260922785,0.3987158229983471,0.06767868437697659,0.12833986198969782,0.18101713396887503
"chocolate, honey",mineral water,0.007998933475536596,0.23836821757099053,0.0030662578322890282,0.3833333333333333,1.608156226696495,1.0,0.0011595663172564415,1.2350785661010966,0.38121921434122336,0.012602739726027398,0.19033490868778805,0.19809843400447427
"french fries, frozen vegetables",spaghetti,0.019064124783362217,0.17411011865084655,0.005332622317024397,0.27972027972027974,1.6065710705833218,1.0,0.0020133652890186567,1.1466238158536792,0.3848939929328622,0.028388928317955996,0.12787438550150418,0.15517407554161
fromage blanc,french fries,0.013598186908412212,0.1709105452606319,0.0037328356219170776,0.2745098039215686,1.6061607170169159,1.0,0.0014087620828443603,1.142798978154264,0.3825999652462689,0.020648967551622422,0.12495546538280851,0.148175338778257
"milk, soup",chocolate,0.015197973603519531,0.1638448206905746,0.003999466737768298,0.26315789473684215,1.6061410646225003,1.0,0.0015093574778395546,1.1347820290627917,0.3832137538919724,0.022848438690022847,0.11877349624060154,0.14378399212025184
"cooking oil, ground beef",mineral water,0.008398880149313425,0.23836821757099053,0.003199573390214638,0.38095238095238093,1.5981676787045915,1.0,0.001197547299430422,1.2303282639237847,0.37745361656359233,0.013136288998357965,0.18720878864411156,0.1971875998721636
chicken,mineral water,0.05999200106652446,0.23836821757099053,0.022796960405279298,0.38000000000000006,1.5941722595078303,1.0,0.0084967740425349,1.2284383587564671,0.3965021758765089,0.08272859216255443,0.18595834062664107,0.23781879194630876
"chocolate, milk",eggs,0.03212904946007199,0.17970937208372217,0.009198773496867084,0.28630705394190875,1.5931670709334254,1.0,0.0034248821927506945,1.1493607053943196,0.3846788038487644,0.045394736842105265,0.1299511151663022,0.1687469987810434
"grated cheese, mineral water",milk,0.0174643380882549,0.12958272230369283,0.0035995200639914677,0.20610687022900762,1.590542832909245,1.0,0.001336443591283327,1.09639099402131,0.37788331071913156,0.02509293680297398,0.08791662330950929,0.1169423240033927
"grated cheese, spaghetti",mineral water,0.01653112918277563,0.23836821757099053,0.006265831222503666,0.3790322580645161,1.5901123980659595,1.0,0.002325335424769654,1.2265239093661973,0.3773516882547539,0.02520107238605898,0.18468772409275958,0.20265930576603883
"eggs, tomatoes",french fries,0.012265031329156113,0.1709105452606319,0.003332888948140248,0.2717391304347826,1.5899494675439192,1.0,0.001236665756035444,1.1384511915824158,0.37565663382372794,0.01853224610822832,0.1216136384292176,0.14561995523299193
"burgers, shrimp",mineral water,0.008798826823090255,0.23836821757099053,0.003332888948140248,0.3787878787878788,1.5890871805301336,1.0,0.001235528281604403,1.2260414058613325,0.3739986550100875,0.013668671405139422,0.1843668613316784,0.1963849908480781
"green tea, pancakes",chocolate,0.01639781362485002,0.1638448206905746,0.004266097853619517,0.26016260162601623,1.5878597842121625,1.0,0.0015794010205385043,1.1301877698358167,0.3763935009487665,0.02424242424242424,0.1151912746806039,0.1431000152149609
"cake, eggs",mineral water,0.019064124783362217,0.23836821757099053,0.007199040127982935,0.37762237762237766,1.584197681513118,1.0,0.0026547586838219376,1.2237454481724537,0.37593246957204557,0.02876931273308471,0.18283659277882983,0.20391185995212843
"burgers, milk",green tea,0.01786428476203173,0.13211571790427942,0.0037328356219170776,0.20895522388059698,1.5816076027531363,1.0,0.0013726828157347762,1.0971367339700617,0.3744206790901511,0.025524156791248864,0.08853657977394132,0.11860475623898668
"chocolate, low fat yogurt",french fries,0.014798026929742702,0.1709105452606319,0.003999466737768298,0.2702702702702703,1.581355146097736,1.0,0.0014703278864244581,1.1361596231613564,0.3731529093369419,0.022010271460014677,0.11984198380725157,0.14683560315385588
burgers,milk,0.0871883748833489,0.12958272230369283,0.01786428476203173,0.20489296636085627,1.581175041844427,1.0,0.0065661777914124645,1.0947171146411248,0.4026668178023277,0.08981233243967829,0.08652200040937096,0.17137652433269152
tomatoes,milk,0.06839088121583789,0.12958272230369283,0.013998133582189041,0.2046783625730994,1.5795189276345871,1.0,0.005135857013492277,1.0944217241622687,0.3938302395944068,0.07608695652173914,0.08627544764294971,0.15635152696556204
"burgers, green tea",spaghetti,0.0174643380882549,0.17411011865084655,0.004799360085321957,0.2748091603053435,1.5783640975883475,1.0,0.0017586421086173976,1.1388586784919905,0.3729458766772199,0.025695931477516056,0.12192792759489618,0.1511871222659949
light mayo,french fries,0.027196373816824423,0.1709105452606319,0.007332355685908546,0.2696078431372549,1.577479275641614,1.0,0.002684208607763111,1.135129186354571,0.37631156016793965,0.038434661076170516,0.11904300231107075,0.1562547796029488
"burgers, eggs",green tea,0.02879616051193174,0.13211571790427942,0.005999200106652446,0.20833333333333334,1.5769004372687523,1.0,0.0021947746877317214,1.096274882647226,0.37669183253260125,0.0387263339070568,0.08782002048131082,0.12687100571812984
fromage blanc,spaghetti,0.013598186908412212,0.17411011865084655,0.0037328356219170776,0.2745098039215686,1.5766447467195146,1.0,0.001365253685857039,1.1383887553731573,0.3707836966385418,0.02028985507246377,0.12156546234312932,0.1479746569378134
"chocolate, ground beef",eggs,0.023063591521130515,0.17970937208372217,0.006532462338354886,0.2832369942196532,1.5760836006243462,1.0,0.002387718788097062,1.1444377308831941,0.3741450182693164,0.033288043478260865,0.1262084663808904,0.15979357129380287
white wine,spaghetti,0.01653112918277563,0.17411011865084655,0.004532728969470737,0.27419354838709675,1.5748283357209898,1.0,0.0016544921060252,1.1378927254143891,0.37114561155897896,0.024355300859598854,0.1211825353432789,0.150113619522798
"low fat yogurt, milk",eggs,0.013198240234635382,0.17970937208372217,0.0037328356219170776,0.2828282828282828,1.5738093097143542,1.0,0.0013609881567406348,1.1437855234325565,0.36947543135060007,0.019732205778717406,0.12571021444741579,0.15179989809069927
"eggs, pancakes",chocolate,0.021730435941874418,0.1638448206905746,0.005599253432875617,0.25766871165644173,1.572638735667184,1.0,0.002038834052451185,1.1263908613837714,0.37221443496995416,0.031111111111111114,0.11220870633529485,0.14592141848078394
frozen vegetables,mineral water,0.09532062391681109,0.23836821757099053,0.03572856952406346,0.37482517482517486,1.57246288387228,1.0,0.013007162303258473,1.2182700770396908,0.4024132212500716,0.11991051454138703,0.1791639482519931,0.26235665900095434
strawberries,french fries,0.021330489268097587,0.1709105452606319,0.005732568990801226,0.26875,1.572460023400936,1.0,0.0020869634393146106,1.1337975449427258,0.37198848138679547,0.030736240171551108,0.11800832127351664,0.15114567082683306
spaghetti,milk,0.17411011865084655,0.12958272230369283,0.03546193840821224,0.20367534456355285,1.57177855922964,1.0,0.012900275252816583,1.0930432352609396,0.4404679980823732,0.13220675944333996,0.08512310607615409,0.23866894800194105
milk,spaghetti,0.12958272230369283,0.17411011865084655,0.03546193840821224,0.27366255144032925,1.5717785592296398,1.0,0.012900275252816583,1.1370608564750384,0.41793525013329785,0.13220675944333996,0.12053959618303628,0.23866894800194105
"frozen vegetables, green tea",french fries,0.01439808025596587,0.1709105452606319,0.0038661511798426876,0.26851851851851855,1.5711056220026582,1.0,0.001405367432589222,1.1334387482512882,0.3688157949971316,0.0213078618662748,0.1177291216284624,0.145569711677356
butter,milk,0.030129316091187842,0.12958272230369283,0.0061325156645780565,0.20353982300884957,1.5707327287956592,1.0,0.0022282768643334784,1.0928572486631412,0.37464216345435536,0.03993055555555556,0.08496740885118405,0.12543246294475402
"milk, pancakes",eggs,0.01653112918277563,0.17970937208372217,0.004666044527396347,0.28225806451612906,1.5706363070738012,1.0,0.0016952456821248438,1.1428768299058252,0.3694223358314453,0.024356297842727907,0.12501507263700373,0.15411122810376185
protein bar,spaghetti,0.01853086255165978,0.17411011865084655,0.005065991201173177,0.27338129496402874,1.570163165026937,1.0,0.0018395805236011637,1.1366207277973497,0.3699795536110039,0.02700781805259417,0.12019904657387888,0.151238886379411
"milk, tomatoes",chocolate,0.013998133582189041,0.1638448206905746,0.0035995200639914677,0.2571428571428571,1.5694292688596998,1.0,0.0013059983772149937,1.125593510608842,0.367976684093504,0.020657995409334353,0.11157981049562678,0.13955596884807625
"chocolate, pancakes",eggs,0.01986401813091588,0.17970937208372217,0.005599253432875617,0.28187919463087246,1.5685280704200106,1.0,0.0020295032075090514,1.1422738650422934,0.3698054303331778,0.0288659793814433,0.12455319989048827,0.15651823233027304
black tea,mineral water,0.014264764698040262,0.23836821757099053,0.005332622317024397,0.37383177570093457,1.5682953856446926,1.0,0.0019323557818829505,1.216337324177672,0.36760887205842574,0.021563342318059297,0.17785964458825662,0.1981015701770892
"ground beef, pancakes",chocolate,0.014531395813891481,0.1638448206905746,0.0037328356219170776,0.25688073394495414,1.5678294428975597,1.0,0.0013519416804062614,1.1251964758608317,0.36751604050711184,0.021374045801526718,0.11126632419022656,0.13983174207418578
"eggs, frozen smoothie",mineral water,0.011065191307825623,0.23836821757099053,0.0041327822956939075,0.3734939759036145,1.566878251260074,1.0,0.001495192366565496,1.2156814988770728,0.365836370119761,0.01684782608695652,0.17741612344705274,0.19541589175493923
whole wheat rice,milk,0.058525529929342755,0.12958272230369283,0.011865084655379284,0.2027334851936219,1.5645101568285575,1.0,0.004281187162868798,1.0917519568819396,0.3832523491769529,0.06732223903177005,0.08404102809578157,0.14714863560092617
"frozen vegetables, tomatoes",green tea,0.0161311825089988,0.13211571790427942,0.003332888948140248,0.20661157024793392,1.5638682022500023,1.0,0.0012017061903189163,1.0938958138914812,0.3664715447154472,0.022999080036798528,0.08583615797692049,0.11591930681922427
almonds,mineral water,0.020397280362618318,0.23836821757099053,0.007598986801759766,0.37254901960784315,1.5629139799096374,1.0,0.0027369234384266696,1.2138506532462339,0.36766896828352863,0.03025477707006369,0.1761754237840769,0.2022141071193578
tomato juice,green tea,0.030395947207039063,0.13211571790427942,0.006265831222503666,0.20614035087719296,1.560301485297502,1.0,0.002250048835865123,1.0932464989935042,0.37035552656137094,0.04010238907849829,0.08529320613361359,0.12678359622568022
"burgers, ground beef",chocolate,0.011998400213304892,0.1638448206905746,0.0030662578322890282,0.2555555555555556,1.559741433866739,1.0,0.0011003821007663363,1.1231935244454967,0.3632262265844544,0.017746913580246913,0.10968147675736965,0.13713497875418137
energy bar,milk,0.027063058258898813,0.12958272230369283,0.005465937874950006,0.20197044334975367,1.5586217032577185,1.0,0.0019590331118984603,1.0907080701996936,0.3683769024590766,0.036155202821869487,0.08316438896714694,0.1220757566543007
whole weat flour,mineral water,0.009332089054792695,0.23836821757099053,0.0034662045060658577,0.3714285714285714,1.5582134867369766,1.0,0.0012417310718611735,1.2116869265916062,0.36161402854983804,0.014192139737991267,0.17470430846940554,0.19298497922658994
hot dogs,green tea,0.03239568057592321,0.13211571790427942,0.006665777896280496,0.20576131687242802,1.5574325306358048,1.0,0.002385799299994681,1.0927247696852855,0.3699007991182145,0.042229729729729736,0.08485647278956722,0.12810770182672865
"chicken, milk",eggs,0.014798026929742702,0.17970937208372217,0.0041327822956939075,0.27927927927927926,1.5540607372951585,1.0,0.0014734381680718356,1.1381532462338355,0.36187961063337554,0.02170868347338936,0.12138369476253433,0.1511381559601144
milk,mineral water,0.12958272230369283,0.23836821757099053,0.04799360085321957,0.3703703703703704,1.5537741320739085,1.0,0.01710519830969167,1.209650477975486,0.4094654617858785,0.15,0.17331492178332722,0.2858563261247825
mineral water,milk,0.23836821757099053,0.12958272230369283,0.04799360085321957,0.20134228187919462,1.5537741320739085,1.0,0.01710519830969167,1.0898502048466365,0.4679502888149834,0.15,0.08244271042668692,0.2858563261247825
"fresh bread, mineral water",spaghetti,0.013331555792560993,0.17411011865084655,0.0035995200639914677,0.26999999999999996,1.550742725880551,1.0,0.0012783613031482925,1.1313560018481554,0.3599463535958603,0.0195794053662074,0.11610492332526227,0.14533690658499232
"french fries, low fat yogurt",spaghetti,0.013331555792560993,0.17411011865084655,0.0035995200639914677,0.26999999999999996,1.550742725880551,1.0,0.0012783613031482925,1.1313560018481554,0.3599463535958603,0.0195794053662074,0.11610492332526227,0.14533690658499232
meatballs,mineral water,0.020930542594320756,0.23836821757099053,0.007732302359685375,0.3694267515923567,1.549815471864803,1.0,0.0027431262286834405,1.2078403014278232,0.3623459920366614,0.03073661897191309,0.1720759782416012,0.20093261516978014
"french fries, milk",spaghetti,0.023730169310758567,0.17411011865084655,0.006399146780429276,0.2696629213483146,1.5488067174836966,1.0,0.0022674841861284245,1.13083383753961,0.3629546178706359,0.033426183844011144,0.1156967833791296,0.15320818349192147
rice,spaghetti,0.018797493667511,0.17411011865084655,0.005065991201173177,0.2695035460992908,1.5478913470832927,1.0,0.0017931573483842998,1.1305871191284527,0.36074084668192213,0.0269694819020582,0.1155038094093269,0.149300011947042
"herb & pepper, spaghetti",mineral water,0.01626449806692441,0.23836821757099053,0.005999200106652446,0.36885245901639346,1.547406205303114,1.0,0.0021222606927528537,1.2067412656667424,0.3596060893526675,0.024128686327077747,0.1713219490778868,0.1970101221256464
"french fries, tomatoes",eggs,0.011998400213304892,0.17970937208372217,0.003332888948140248,0.2777777777777778,1.5457055720408837,1.0,0.001176663979798028,1.1357870232686924,0.3573336931588181,0.017692852087756547,0.11955324412662298,0.14816188592152985
"low fat yogurt, spaghetti",mineral water,0.015197973603519531,0.23836821757099053,0.005599253432875617,0.3684210526315789,1.5455963734840457,1.0,0.001976539554313702,1.2059169888459318,0.358448239184668,0.022580645161290325,0.17075552525634055,0.1959554927587425
"french fries, mineral water",chocolate,0.03372883615517931,0.1638448206905746,0.008532195707239034,0.25296442687747034,1.543926904807083,1.0,0.00300590059529191,1.1192976738903948,0.36459842370309037,0.045133991537376586,0.10658261575381138,0.15251964224264078
"eggs, shrimp",mineral water,0.014131449140114652,0.23836821757099053,0.005199306759098787,0.3679245283018868,1.5435133595036092,1.0,0.001830818415874551,1.2049696856339553,0.3571748062620274,0.021024258760107817,0.17010360349946665,0.19486830441939978
"low fat yogurt, mineral water",milk,0.023996800426609784,0.12958272230369283,0.004799360085321957,0.2,1.5434156378600825,1.0,0.0016897893594634435,1.088021597120384,0.36074306788690075,0.03225806451612903,0.08090059733496709,0.11851851851851852
"french fries, spaghetti",mineral water,0.027596320490601255,0.23836821757099053,0.010131982402346354,0.36714975845410625,1.54026305266457,1.0,0.00355389667548393,1.2034944958992746,0.3607146465010896,0.03960396039603961,0.1690863536083058,0.20482767564763477
french wine,mineral water,0.022530329289428077,0.23836821757099053,0.008265564591387815,0.3668639053254438,1.5390638444329718,1.0,0.0028950501573793627,1.2029511329953515,0.3583276138183482,0.03271767810026386,0.16871103690638084,0.20076976026898588
"burgers, mineral water",spaghetti,0.024396747100386616,0.17411011865084655,0.006532462338354886,0.2677595628415301,1.5378747939313302,1.0,0.002284741806011876,1.1278943902007097,0.35849819567072533,0.03402777777777778,0.11339216801845313,0.15263935263056597
"burgers, chocolate",green tea,0.017064391414478068,0.13211571790427942,0.0034662045060658577,0.203125,1.5374779263370333,1.0,0.0012117301837424655,1.0891096873358062,0.3556531627873009,0.023787740164684355,0.08181883640552996,0.1146805625630676
shrimp,chocolate,0.07145713904812692,0.1638448206905746,0.017997600319957337,0.251865671641791,1.5372208323719074,1.0,0.0062897181855555255,1.1176538057602294,0.37636967908324676,0.08282208588957055,0.105268559149406,0.18085553720413391
gums,mineral water,0.013464871350486601,0.23836821757099053,0.004932675643247567,0.3663366336633664,1.536851839546371,1.0,0.0017230782596093798,1.2019501566457809,0.35408692476260045,0.01997840172786177,0.16801874481164208,0.19351507298380846
hot dogs,spaghetti,0.03239568057592321,0.17411011865084655,0.008665511265164644,0.2674897119341564,1.536324907517693,1.0,0.00302509547631573,1.1274788829654172,0.3607838565402634,0.04380053908355795,0.11306542844521503,0.15863000144946715
zucchini,mineral water,0.009465404612718305,0.23836821757099053,0.0034662045060658577,0.3661971830985915,1.5362668179096952,1.0,0.0012099528799439634,1.2016857011657704,0.3524070814784138,0.014184397163120567,0.1678356503452713,0.1903692850616
"french fries, frozen vegetables",green tea,0.019064124783362217,0.13211571790427942,0.0038661511798426876,0.2027972027972028,1.5349967892853869,1.0,0.0013474806478720228,1.0886618626288425,0.3553064457170708,0.026244343891402712,0.08144113950565567,0.1160302865650999
"chocolate, grated cheese",mineral water,0.010931875749900012,0.23836821757099053,0.003999466737768298,0.3658536585365854,1.5348256670486171,1.0,0.0013936550005570966,1.2010347338303613,0.3523116322954578,0.01630434782608696,0.16738461275738267,0.19131609101325914
"eggs, turkey",spaghetti,0.01946407145713905,0.17411011865084655,0.005199306759098787,0.2671232876712329,1.5342203528498606,1.0,0.0018104149682677518,1.1269151652053868,0.35511513186564175,0.027600849256900217,0.11262175638771879,0.14849273112504982
"eggs, low fat yogurt",mineral water,0.01679776029862685,0.23836821757099053,0.0061325156645780565,0.36507936507936506,1.5315773587585668,1.0,0.002128463483009624,1.19957005732569,0.3530081061164333,0.024625267665952893,0.16636798835293493,0.19540321721529774
salmon,chocolate,0.04252766297826956,0.1638448206905746,0.010665244634048793,0.2507836990595611,1.5306171901104701,1.0,0.003697307318985029,1.1160397581577686,0.36206662489557223,0.05449591280653951,0.10397457376367471,0.15793863553466256
"chocolate, turkey",mineral water,0.011331822423676844,0.23836821757099053,0.0041327822956939075,0.36470588235294116,1.5300105277010132,1.0,0.0014316359827310763,1.1988648427123298,0.3503801719038173,0.016829533116178068,0.16587761658137784,0.19102184497960256
"green tea, mineral water",spaghetti,0.03106252499666711,0.17411011865084655,0.008265564591387815,0.26609442060085836,1.5283110634969668,1.0,0.0028572646786232175,1.1253353354055717,0.3567649617412609,0.04197698036560595,0.111375988527367,0.1567838106067079
"burgers, spaghetti",french fries,0.021463804826023197,0.1709105452606319,0.005599253432875617,0.2608695652173913,1.5263514888421625,1.0,0.0019308628466922096,1.1217092622944393,0.35240690281562226,0.02997858672376874,0.10850339422666863,0.1468154378349047
"frozen smoothie, mineral water",chocolate,0.020263964804692707,0.1638448206905746,0.005065991201173177,0.25,1.525834011391375,1.0,0.0017458455212681855,1.1148735724125671,0.3517485372159477,0.02829486224869695,0.10303730867346937,0.14045972335231896
"ground beef, herb & pepper",chocolate,0.015997866951073192,0.1638448206905746,0.003999466737768298,0.25,1.525834011391375,1.0,0.0013782990957380416,1.1148735724125671,0.3502235469448584,0.022744503411675512,0.10303730867346937,0.13720504475183076
"frozen vegetables, tomatoes",mineral water,0.0161311825089988,0.23836821757099053,0.005865884548726837,0.3636363636363637,1.5255236933089285,1.0,0.002020723326744454,1.1968499438170153,0.3501355013550136,0.02359249329758713,0.16447337014464627,0.19412243237746596
"low fat yogurt, milk",mineral water,0.013198240234635382,0.23836821757099053,0.004799360085321957,0.3636363636363636,1.525523693308928,1.0,0.0016533190855181892,1.1968499438170148,0.34909483923263984,0.01944894651539708,0.1644733701446461,0.19188529591214154
pancakes,spaghetti,0.09505399280095987,0.17411011865084655,0.025196640447940274,0.2650771388499299,1.522468314328732,1.0,0.008646778483128437,1.1237776438968443,0.3792180723530164,0.10327868852459017,0.11014424834759066,0.20489691551991135
"cake, milk",french fries,0.013331555792560993,0.1709105452606319,0.0034662045060658577,0.25999999999999995,1.5212636505460218,1.0,0.0011877010363867228,1.1203911550532002,0.3472815523889703,0.019174041297935103,0.10745457469046465,0.14014040561622462
cottage cheese,green tea,0.03186241834422077,0.13211571790427942,0.006399146780429276,0.200836820083682,1.5201584131661945,1.0,0.0021896205067160664,1.0859913268108754,0.3534351188836867,0.04060913705583757,0.07918233294127477,0.12463637169673505
olive oil,chocolate,0.0658578856152513,0.1638448206905746,0.01639781362485002,0.24898785425101214,1.5196565457582114,1.0,0.005607340165158799,1.1133710473823615,0.3660648294794636,0.076875,0.1018268327067669,0.17453461060801218
turkey,spaghetti,0.06252499666711105,0.17411011865084655,0.01653112918277563,0.26439232409381663,1.5185350865449607,1.0,0.00564489459442114,1.1227314618920377,0.3642450181658043,0.07510599636583888,0.1093150642498335,0.17966936265946576
"eggs, pancakes",mineral water,0.021730435941874418,0.23836821757099053,0.007865617917610986,0.3619631901840491,1.5185044125114946,1.0,0.002685772635105792,1.1937113513070055,0.3490421349741998,0.031183932346723047,0.16227654289699847,0.1974804765237919
"french fries, frozen vegetables",eggs,0.019064124783362217,0.17970937208372217,0.005199306759098787,0.27272727272727276,1.5176018343674131,1.0,0.0017733048649550371,1.127899613384882,0.3476941197789255,0.026859504132231406,0.11339627380583016,0.15082951173455628
eggplant,eggs,0.013198240234635382,0.17970937208372217,0.0035995200639914677,0.2727272727272727,1.517601834367413,1.0,0.0012276725988150249,1.127899613384882,0.34562730793479224,0.019014084507042252,0.11339627380583009,0.14637847315888858
burgers,green tea,0.0871883748833489,0.13211571790427942,0.0174643380882549,0.2003058103975535,1.5161391360161947,1.0,0.005945383347633816,1.0852702112630999,0.3729465292093155,0.08652575957727873,0.07857048906175865,0.16624775888192508
"eggs, frozen vegetables",spaghetti,0.021730435941874418,0.17411011865084655,0.005732568990801226,0.26380368098159507,1.5151542197878596,1.0,0.0019490802106268508,1.1218337554992668,0.347553670919774,0.030154277699859743,0.10860232623776346,0.14836432134837793
"chicken, eggs",mineral water,0.01439808025596587,0.23836821757099053,0.005199306759098787,0.36111111111111116,1.5149297787720608,1.0,0.0017672620320401317,1.192119311628015,0.3448688468301617,0.0210016155088853,0.16115778828014088,0.19146159582401195
"milk, mineral water",eggs,0.04799360085321957,0.17970937208372217,0.013064924676709772,0.27222222222222225,1.514791460600066,1.0,0.004440024803340891,1.1271168933200764,0.3569756708172697,0.0608695652173913,0.11278057677375088,0.17246125947906366
"chicken, spaghetti",chocolate,0.01719770697240368,0.1638448206905746,0.004266097853619517,0.24806201550387597,1.5140058407604342,1.0,0.0014483426384369917,1.1120001869166585,0.34544136597938135,0.02413273001508295,0.10071957562094604,0.13704972215389077
milk,chocolate,0.12958272230369283,0.1638448206905746,0.03212904946007199,0.2479423868312757,1.5132757067708698,1.0,0.010897591559626912,1.111823302720604,0.38967733489080625,0.12295918367346938,0.10057650567943223,0.22201838625534492
champagne,chocolate,0.04679376083188908,0.1638448206905746,0.011598453539528063,0.24786324786324784,1.5127926950546964,1.0,0.003931538186589563,1.111706317945486,0.3556112852664577,0.05827193569993302,0.10048185941043081,0.1593262537119331
body spray,mineral water,0.011465137981602452,0.23836821757099053,0.0041327822956939075,0.3604651162790698,1.5122197076114667,1.0,0.001399857790813867,1.1909151507071785,0.34264894612054914,0.016820401519262073,0.16030961617526737,0.18890146194266688
"french fries, frozen smoothie",chocolate,0.014531395813891481,0.1638448206905746,0.0035995200639914677,0.2477064220183486,1.5118355342226468,1.0,0.0012186261224806515,1.1114745676186264,0.3435445727112393,0.020594965675057208,0.10029430350121697,0.13483775128582198
"cake, french fries",mineral water,0.01786428476203173,0.23836821757099053,0.006399146780429276,0.3582089552238806,1.5027546829610336,1.0,0.002140869063523166,1.1867285912265961,0.34064069499117683,0.0256136606189968,0.15734734345078386,0.1925272964038866
"fresh bread, mineral water",eggs,0.013331555792560993,0.17970937208372217,0.0035995200639914677,0.26999999999999996,1.5024258160237387,1.0,0.0012037145436112227,1.123685791666134,0.3389281728695321,0.019000703729767768,0.11007150983260193,0.1450148367952522
barbecue sauce,mineral water,0.010798560191974404,0.23836821757099053,0.0038661511798426876,0.35802469135802467,1.501981661004778,1.0,0.0012921176345486955,1.1863879687836496,0.337861325401989,0.01576086956521739,0.15710541044574533,0.18712196536581324
"cake, pancakes",eggs,0.011865084655379284,0.17970937208372217,0.003199573390214638,0.2696629213483146,1.5005501283632847,1.0,0.0010673064770762202,1.1231671674545958,0.3375831984169815,0.016985138004246288,0.1096605839482704,0.1437335378254926
